{
  "annotations": {
    "list": [
      {
        "builtIn": 1,
        "datasource": {
          "type": "datasource",
          "uid": "grafana"
        },
        "enable": true,
        "hide": true,
        "iconColor": "rgba(0, 211, 255, 1)",
        "name": "Annotations & Alerts",
        "target": {
          "limit": 100,
          "matchAny": false,
          "tags": [],
          "type": "dashboard"
        },
        "type": "dashboard"
      }
    ]
  },
  "description": "Data about HIkari connection pools exposed by Hikari Prometheus exporter",
  "editable": true,
  "fiscalYearStartMonth": 0,
  "graphTooltip": 1,
  "id": 19,
  "links": [],
  "panels": [
    {
      "collapsed": false,
      "gridPos": {
        "h": 1,
        "w": 24,
        "x": 0,
        "y": 0
      },
      "id": 2,
      "panels": [],
      "title": "Number of connections",
      "type": "row"
    },
    {
      "datasource": {
        "type": "prometheus",
        "uid": "prometheus_uid"
      },
      "fieldConfig": {
        "defaults": {
          "color": {
            "mode": "palette-classic"
          },
          "custom": {
            "axisBorderShow": false,
            "axisCenteredZero": false,
            "axisColorMode": "text",
            "axisLabel": "",
            "axisPlacement": "auto",
            "barAlignment": 0,
            "barWidthFactor": 0.6,
            "drawStyle": "line",
            "fillOpacity": 10,
            "gradientMode": "none",
            "hideFrom": {
              "legend": false,
              "tooltip": false,
              "viz": false
            },
            "insertNulls": false,
            "lineInterpolation": "linear",
            "lineWidth": 1,
            "pointSize": 5,
            "scaleDistribution": {
              "type": "linear"
            },
            "showPoints": "never",
            "spanNulls": false,
            "stacking": {
              "group": "A",
              "mode": "normal"
            },
            "thresholdsStyle": {
              "mode": "off"
            }
          },
          "mappings": [],
          "min": 0,
          "thresholds": {
            "mode": "absolute",
            "steps": [
              {
                "color": "green",
                "value": null
              }
            ]
          },
          "unit": "short"
        },
        "overrides": []
      },
      "gridPos": {
        "h": 9,
        "w": 11,
        "x": 0,
        "y": 1
      },
      "id": 10,
      "options": {
        "legend": {
          "calcs": [
            "max",
            "min"
          ],
          "displayMode": "table",
          "placement": "bottom",
          "showLegend": true
        },
        "tooltip": {
          "hideZeros": false,
          "mode": "multi",
          "sort": "none"
        }
      },
      "pluginVersion": "11.5.2",
      "targets": [
        {
          "datasource": {
            "type": "prometheus",
            "uid": "prometheus_uid"
          },
          "editorMode": "code",
          "expr": "sum(hikaricp_active_connections{instance=~\"$instance\", pool=\"$hikaricp_pool_name\"})",
          "format": "time_series",
          "intervalFactor": 1,
          "legendFormat": "Active connections",
          "range": true,
          "refId": "Active"
        },
        {
          "datasource": {
            "type": "prometheus",
            "uid": "prometheus_uid"
          },
          "editorMode": "code",
          "expr": "sum(hikaricp_idle_connections{instance=~\"$instance\", pool=\"$hikaricp_pool_name\"})",
          "format": "time_series",
          "hide": false,
          "intervalFactor": 1,
          "legendFormat": "Idle connections",
          "range": true,
          "refId": "Idle"
        },
        {
          "datasource": {
            "type": "prometheus",
            "uid": "prometheus_uid"
          },
          "editorMode": "code",
          "expr": "sum(hikaricp_threads_awaiting_connection{instance=~\"$instance\", pool=\"$hikaricp_pool_name\"})",
          "hide": false,
          "legendFormat": "Pending threads",
          "range": true,
          "refId": "Pending"
        },
        {
          "datasource": {
            "type": "prometheus",
            "uid": "prometheus_uid"
          },
          "editorMode": "code",
          "expr": "sum(hikaricp_total_connections{instance=~\"$instance\", pool=\"$hikaricp_pool_name\"})",
          "hide": false,
          "instant": false,
          "legendFormat": "total_connections",
          "range": true,
          "refId": "A"
        }
      ],
      "title": "Connections",
      "type": "timeseries"
    },
    {
      "datasource": {
        "type": "prometheus",
        "uid": "prometheus_uid"
      },
      "fieldConfig": {
        "defaults": {
          "color": {
            "mode": "thresholds"
          },
          "mappings": [
            {
              "options": {
                "match": "null",
                "result": {
                  "text": "N/A"
                }
              },
              "type": "special"
            }
          ],
          "thresholds": {
            "mode": "absolute",
            "steps": [
              {
                "color": "green",
                "value": null
              },
              {
                "color": "red",
                "value": 80
              }
            ]
          },
          "unit": "none"
        },
        "overrides": []
      },
      "gridPos": {
        "h": 3,
        "w": 2,
        "x": 11,
        "y": 1
      },
      "id": 13,
      "maxDataPoints": 100,
      "options": {
        "colorMode": "none",
        "graphMode": "none",
        "justifyMode": "auto",
        "orientation": "horizontal",
        "percentChangeColorMode": "standard",
        "reduceOptions": {
          "calcs": [
            "lastNotNull"
          ],
          "fields": "",
          "values": false
        },
        "showPercentChange": false,
        "textMode": "auto",
        "wideLayout": true
      },
      "pluginVersion": "11.5.2",
      "targets": [
        {
          "datasource": {
            "type": "prometheus",
            "uid": "prometheus_uid"
          },
          "editorMode": "code",
          "expr": "sum(hikaricp_minimum_idle{instance=~\"$instance\", pool=\"$hikaricp_pool_name\"})",
          "format": "time_series",
          "intervalFactor": 1,
          "range": true,
          "refId": "A"
        }
      ],
      "title": "MinimumIdle",
      "type": "stat"
    },
    {
      "datasource": {
        "type": "prometheus",
        "uid": "prometheus_uid"
      },
      "fieldConfig": {
        "defaults": {
          "color": {
            "mode": "palette-classic"
          },
          "custom": {
            "axisBorderShow": false,
            "axisCenteredZero": false,
            "axisColorMode": "text",
            "axisLabel": "",
            "axisPlacement": "auto",
            "barAlignment": 0,
            "barWidthFactor": 0.6,
            "drawStyle": "line",
            "fillOpacity": 10,
            "gradientMode": "none",
            "hideFrom": {
              "legend": false,
              "tooltip": false,
              "viz": false
            },
            "insertNulls": false,
            "lineInterpolation": "linear",
            "lineWidth": 1,
            "pointSize": 5,
            "scaleDistribution": {
              "type": "linear"
            },
            "showPoints": "never",
            "spanNulls": false,
            "stacking": {
              "group": "A",
              "mode": "none"
            },
            "thresholdsStyle": {
              "mode": "off"
            }
          },
          "mappings": [],
          "min": 0,
          "thresholds": {
            "mode": "absolute",
            "steps": [
              {
                "color": "green",
                "value": null
              }
            ]
          },
          "unit": "short"
        },
        "overrides": []
      },
      "gridPos": {
        "h": 9,
        "w": 11,
        "x": 13,
        "y": 1
      },
      "id": 24,
      "options": {
        "legend": {
          "calcs": [
            "max",
            "min"
          ],
          "displayMode": "table",
          "placement": "bottom",
          "showLegend": true,
          "sortBy": "Max",
          "sortDesc": true
        },
        "tooltip": {
          "hideZeros": false,
          "mode": "multi",
          "sort": "none"
        }
      },
      "pluginVersion": "11.5.2",
      "targets": [
        {
          "datasource": {
            "type": "prometheus",
            "uid": "prometheus_uid"
          },
          "editorMode": "code",
          "expr": "hikaricp_active_connections{instance=~\"$instance\", pool=\"$hikaricp_pool_name\"}",
          "format": "time_series",
          "intervalFactor": 1,
          "legendFormat": "Active connections {{ instance }}",
          "range": true,
          "refId": "C"
        },
        {
          "datasource": {
            "type": "prometheus",
            "uid": "prometheus_uid"
          },
          "editorMode": "code",
          "expr": "hikaricp_threads_awaiting_connection{instance=~\"$instance\", pool=\"$hikaricp_pool_name\"}",
          "format": "time_series",
          "hide": false,
          "intervalFactor": 1,
          "legendFormat": "Pending threads {{ instance }}",
          "range": true,
          "refId": "A"
        },
        {
          "datasource": {
            "type": "prometheus",
            "uid": "prometheus_uid"
          },
          "editorMode": "code",
          "expr": "hikaricp_idle_connections{instance=~\"$instance\", pool=\"$hikaricp_pool_name\"}",
          "hide": false,
          "instant": false,
          "legendFormat": "Idle connections {{ instance }}",
          "range": true,
          "refId": "B"
        },
        {
          "datasource": {
            "type": "prometheus",
            "uid": "prometheus_uid"
          },
          "editorMode": "code",
          "expr": "hikaricp_total_connections{instance=~\"$instance\", pool=\"$hikaricp_pool_name\"}",
          "hide": false,
          "instant": false,
          "legendFormat": "total connections {{ instance }}",
          "range": true,
          "refId": "D"
        }
      ],
      "title": "Connections per instance",
      "type": "timeseries"
    },
    {
      "datasource": {
        "type": "prometheus",
        "uid": "prometheus_uid"
      },
      "fieldConfig": {
        "defaults": {
          "color": {
            "mode": "thresholds"
          },
          "mappings": [
            {
              "options": {
                "match": "null",
                "result": {
                  "text": "N/A"
                }
              },
              "type": "special"
            }
          ],
          "thresholds": {
            "mode": "absolute",
            "steps": [
              {
                "color": "green",
                "value": null
              },
              {
                "color": "red",
                "value": 80
              }
            ]
          },
          "unit": "none"
        },
        "overrides": []
      },
      "gridPos": {
        "h": 3,
        "w": 2,
        "x": 11,
        "y": 4
      },
      "id": 12,
      "maxDataPoints": 100,
      "options": {
        "colorMode": "none",
        "graphMode": "none",
        "justifyMode": "auto",
        "orientation": "horizontal",
        "percentChangeColorMode": "standard",
        "reduceOptions": {
          "calcs": [
            "lastNotNull"
          ],
          "fields": "",
          "values": false
        },
        "showPercentChange": false,
        "textMode": "auto",
        "wideLayout": true
      },
      "pluginVersion": "11.5.2",
      "targets": [
        {
          "datasource": {
            "type": "prometheus",
            "uid": "prometheus_uid"
          },
          "editorMode": "code",
          "expr": "sum(hikaricp_total_connections{instance=~\"$instance\", pool=\"$hikaricp_pool_name\"})",
          "format": "time_series",
          "intervalFactor": 1,
          "range": true,
          "refId": "A"
        }
      ],
      "title": "Total connections",
      "type": "stat"
    },
    {
      "datasource": {
        "type": "prometheus",
        "uid": "prometheus_uid"
      },
      "fieldConfig": {
        "defaults": {
          "color": {
            "mode": "thresholds"
          },
          "mappings": [
            {
              "options": {
                "match": "null",
                "result": {
                  "text": "N/A"
                }
              },
              "type": "special"
            }
          ],
          "thresholds": {
            "mode": "absolute",
            "steps": [
              {
                "color": "green",
                "value": null
              },
              {
                "color": "red",
                "value": 80
              }
            ]
          },
          "unit": "none"
        },
        "overrides": []
      },
      "gridPos": {
        "h": 3,
        "w": 2,
        "x": 11,
        "y": 7
      },
      "id": 17,
      "maxDataPoints": 100,
      "options": {
        "colorMode": "none",
        "graphMode": "none",
        "justifyMode": "auto",
        "orientation": "horizontal",
        "percentChangeColorMode": "standard",
        "reduceOptions": {
          "calcs": [
            "lastNotNull"
          ],
          "fields": "",
          "values": false
        },
        "showPercentChange": false,
        "textMode": "auto",
        "wideLayout": true
      },
      "pluginVersion": "11.5.2",
      "targets": [
        {
          "datasource": {
            "type": "prometheus",
            "uid": "prometheus_uid"
          },
          "editorMode": "code",
          "expr": "sum(hikaricp_connection_timeout{instance=~\"$instance\", pool=\"$hikaricp_pool_name\"})",
          "format": "time_series",
          "intervalFactor": 1,
          "legendFormat": "",
          "range": true,
          "refId": "A"
        }
      ],
      "title": "Total Timeout",
      "type": "stat"
    }
  ],
  "preload": false,
  "refresh": "",
  "schemaVersion": 40,
  "tags": [],
  "templating": {
    "list": [
      {
        "current": {
          "text": "All",
          "value": [
            "$__all"
          ]
        },
        "datasource": {
          "type": "prometheus",
          "uid": "prometheus_uid"
        },
        "definition": "label_values(hikaricp_active_connections,instance)",
        "includeAll": true,
        "multi": true,
        "name": "instance",
        "options": [],
        "query": {
          "qryType": 1,
          "query": "label_values(hikaricp_active_connections,instance)",
          "refId": "PrometheusVariableQueryEditor-VariableQuery"
        },
        "refresh": 2,
        "regex": "",
        "sort": 1,
        "type": "query"
      },
      {
        "current": {
          "text": "FTDS",
          "value": "FTDS"
        },
        "datasource": {
          "type": "prometheus",
          "uid": "prometheus_uid"
        },
        "definition": "label_values(hikaricp_active_connections{instance=~\"$instance\"},pool)",
        "includeAll": false,
        "name": "hikaricp_pool_name",
        "options": [],
        "query": {
          "qryType": 1,
          "query": "label_values(hikaricp_active_connections{instance=~\"$instance\"},pool)",
          "refId": "PrometheusVariableQueryEditor-VariableQuery"
        },
        "refresh": 2,
        "regex": "",
        "sort": 1,
        "type": "query"
      }
    ]
  },
  "time": {
    "from": "now-15m",
    "to": "now"
  },
  "timepicker": {},
  "timezone": "",
  "title": "Hikari",
  "uid": "wdV6wx7iz",
  "version": 12,
  "weekStart": ""
}