{
  "annotations": {
    "list": [
      {
        "builtIn": 1,
        "datasource": {
          "type": "datasource",
          "uid": "grafana"
        },
        "enable": true,
        "hide": true,
        "iconColor": "rgba(0, 211, 255, 1)",
        "name": "Annotations & Alerts",
        "type": "dashboard"
      }
    ]
  },
  "description": "Dashboard for monitoring Hazelcast ",
  "editable": true,
  "fiscalYearStartMonth": 0,
  "gnetId": 20647,
  "graphTooltip": 1,
  "id": 15,
  "links": [],
  "liveNow": false,
  "panels": [
    {
      "datasource": {
        "default": true,
        "type": "prometheus",
        "uid": "prometheus_uid"
      },
      "fieldConfig": {
        "defaults": {
          "color": {
            "mode": "palette-classic"
          },
          "custom": {
            "axisBorderShow": false,
            "axisCenteredZero": false,
            "axisColorMode": "text",
            "axisLabel": "",
            "axisPlacement": "auto",
            "fillOpacity": 80,
            "gradientMode": "none",
            "hideFrom": {
              "legend": false,
              "tooltip": false,
              "viz": false
            },
            "lineWidth": 1,
            "scaleDistribution": {
              "type": "linear"
            },
            "thresholdsStyle": {
              "mode": "off"
            }
          },
          "fieldMinMax": false,
          "mappings": [],
          "thresholds": {
            "mode": "absolute",
            "steps": [
              {
                "color": "green",
                "value": null
              },
              {
                "color": "red",
                "value": 80
              }
            ]
          },
          "unit": "bytes"
        },
        "overrides": []
      },
      "gridPos": {
        "h": 8,
        "w": 13,
        "x": 0,
        "y": 0
      },
      "id": 48,
      "options": {
        "barRadius": 0,
        "barWidth": 0.97,
        "fullHighlight": false,
        "groupWidth": 1,
        "legend": {
          "calcs": [
            "lastNotNull"
          ],
          "displayMode": "table",
          "placement": "right",
          "showLegend": true
        },
        "orientation": "vertical",
        "showValue": "auto",
        "stacking": "none",
        "tooltip": {
          "mode": "single",
          "sort": "none"
        },
        "xTickLabelRotation": 0,
        "xTickLabelSpacing": 0
      },
      "targets": [
        {
          "datasource": {
            "type": "prometheus",
            "uid": "prometheus_uid"
          },
          "editorMode": "code",
          "exemplar": false,
          "expr": "label_replace(\nsum(com_hazelcast_Metrics_ownedEntryMemoryCost{instance=~\".*HC.*\"}) by (tag0),\n \"tag0\",  \"$1\", \"tag0\", \"\\\"name=(.+)\\\"\"\n)\n",
          "format": "time_series",
          "instant": true,
          "legendFormat": "{{tag0}}",
          "range": false,
          "refId": "A"
        }
      ],
      "title": "Maps.Entry Memory. Now",
      "type": "barchart"
    },
    {
      "datasource": {
        "default": true,
        "type": "prometheus",
        "uid": "prometheus_uid"
      },
      "fieldConfig": {
        "defaults": {
          "color": {
            "mode": "palette-classic"
          },
          "custom": {
            "axisBorderShow": false,
            "axisCenteredZero": false,
            "axisColorMode": "text",
            "axisLabel": "",
            "axisPlacement": "auto",
            "fillOpacity": 80,
            "gradientMode": "none",
            "hideFrom": {
              "legend": false,
              "tooltip": false,
              "viz": false
            },
            "lineWidth": 1,
            "scaleDistribution": {
              "type": "linear"
            },
            "thresholdsStyle": {
              "mode": "off"
            }
          },
          "mappings": [],
          "thresholds": {
            "mode": "absolute",
            "steps": [
              {
                "color": "green",
                "value": null
              },
              {
                "color": "red",
                "value": 80
              }
            ]
          },
          "unit": "bytes"
        },
        "overrides": []
      },
      "gridPos": {
        "h": 8,
        "w": 10,
        "x": 13,
        "y": 0
      },
      "id": 49,
      "options": {
        "barRadius": 0,
        "barWidth": 0.97,
        "fullHighlight": false,
        "groupWidth": 0.7,
        "legend": {
          "calcs": [],
          "displayMode": "list",
          "placement": "bottom",
          "showLegend": true
        },
        "orientation": "auto",
        "showValue": "auto",
        "stacking": "none",
        "tooltip": {
          "mode": "single",
          "sort": "none"
        },
        "xTickLabelRotation": 0,
        "xTickLabelSpacing": 100
      },
      "targets": [
        {
          "datasource": {
            "type": "prometheus",
            "uid": "prometheus_uid"
          },
          "editorMode": "code",
          "expr": "label_replace(sum(com_hazelcast_Metrics_ownedEntryMemoryCost{instance=~\".*HC.*\",prefix=\"map\",tag0='$map'}) by (tag0),\n \"tag0\",  \"$1\", \"tag0\", \"\\\"name=(.+)\\\"\"\n)\n",
          "instant": false,
          "legendFormat": "{{tag0}}",
          "range": true,
          "refId": "A"
        }
      ],
      "title": "Maps.Per map",
      "type": "barchart"
    },
    {
      "datasource": {
        "default": true,
        "type": "prometheus",
        "uid": "prometheus_uid"
      },
      "fieldConfig": {
        "defaults": {
          "color": {
            "mode": "palette-classic"
          },
          "custom": {
            "axisBorderShow": false,
            "axisCenteredZero": false,
            "axisColorMode": "text",
            "axisLabel": "",
            "axisPlacement": "auto",
            "barAlignment": 0,
            "barWidthFactor": 0.6,
            "drawStyle": "line",
            "fillOpacity": 0,
            "gradientMode": "none",
            "hideFrom": {
              "legend": false,
              "tooltip": false,
              "viz": false
            },
            "insertNulls": false,
            "lineInterpolation": "linear",
            "lineWidth": 1,
            "pointSize": 5,
            "scaleDistribution": {
              "type": "linear"
            },
            "showPoints": "auto",
            "spanNulls": false,
            "stacking": {
              "group": "A",
              "mode": "none"
            },
            "thresholdsStyle": {
              "mode": "off"
            }
          },
          "mappings": [],
          "thresholds": {
            "mode": "absolute",
            "steps": [
              {
                "color": "green",
                "value": null
              },
              {
                "color": "red",
                "value": 80
              }
            ]
          }
        },
        "overrides": []
      },
      "gridPos": {
        "h": 8,
        "w": 10,
        "x": 0,
        "y": 8
      },
      "id": 50,
      "options": {
        "legend": {
          "calcs": [
            "lastNotNull"
          ],
          "displayMode": "list",
          "placement": "bottom",
          "showLegend": true
        },
        "tooltip": {
          "mode": "single",
          "sort": "none"
        }
      },
      "pluginVersion": "11.2.0",
      "targets": [
        {
          "datasource": {
            "type": "prometheus",
            "uid": "prometheus_uid"
          },
          "editorMode": "code",
          "expr": "label_replace(sum(com_hazelcast_Metrics_hits{instance=~\".*HC.*\",prefix=\"map\",tag0='$map'}) by (tag0),\n \"tag0\",  \"$1\", \"tag0\", \"\\\"name=(.+)\\\"\"\n)\n",
          "instant": false,
          "legendFormat": "Hits:{{tag0}}",
          "range": true,
          "refId": "A"
        },
        {
          "datasource": {
            "type": "prometheus",
            "uid": "prometheus_uid"
          },
          "editorMode": "code",
          "expr": "label_replace(sum(com_hazelcast_Metrics_numberOfEvents{instance=~\".*HC.*\",prefix=\"map\",tag0='$map'}) by (tag0),\n \"tag0\",  \"$1\", \"tag0\", \"\\\"name=(.+)\\\"\"\n)\n",
          "hide": false,
          "instant": false,
          "legendFormat": "Events:{{tag0}}",
          "range": true,
          "refId": "B"
        },
        {
          "datasource": {
            "type": "prometheus",
            "uid": "prometheus_uid"
          },
          "editorMode": "code",
          "expr": "\nlabel_replace(sum(com_hazelcast_Metrics_lockedEntryCount{instance=~\".*HC.*\",prefix=\"map\",tag0='$map'}) by (tag0),\n \"tag0\",  \"$1\", \"tag0\", \"\\\"name=(.+)\\\"\"\n)\n",
          "hide": false,
          "instant": false,
          "legendFormat": "Locks:{{tag0}}",
          "range": true,
          "refId": "C"
        }
      ],
      "title": "Hits / Events / Locks",
      "type": "timeseries"
    },
    {
      "datasource": {
        "default": true,
        "type": "prometheus",
        "uid": "prometheus_uid"
      },
      "fieldConfig": {
        "defaults": {
          "color": {
            "mode": "palette-classic"
          },
          "custom": {
            "axisBorderShow": false,
            "axisCenteredZero": false,
            "axisColorMode": "text",
            "axisLabel": "",
            "axisPlacement": "auto",
            "barAlignment": 0,
            "barWidthFactor": 0.6,
            "drawStyle": "line",
            "fillOpacity": 0,
            "gradientMode": "none",
            "hideFrom": {
              "legend": false,
              "tooltip": false,
              "viz": false
            },
            "insertNulls": false,
            "lineInterpolation": "linear",
            "lineWidth": 1,
            "pointSize": 5,
            "scaleDistribution": {
              "type": "linear"
            },
            "showPoints": "auto",
            "spanNulls": false,
            "stacking": {
              "group": "A",
              "mode": "none"
            },
            "thresholdsStyle": {
              "mode": "off"
            }
          },
          "mappings": [],
          "thresholds": {
            "mode": "absolute",
            "steps": [
              {
                "color": "green",
                "value": null
              },
              {
                "color": "red",
                "value": 80
              }
            ]
          }
        },
        "overrides": [
          {
            "__systemRef": "hideSeriesFrom",
            "matcher": {
              "id": "byNames",
              "options": {
                "mode": "exclude",
                "names": [
                  "\"name=ForceActionConfigTopic\""
                ],
                "prefix": "All except:",
                "readOnly": true
              }
            },
            "properties": [
              {
                "id": "custom.hideFrom",
                "value": {
                  "legend": false,
                  "tooltip": false,
                  "viz": true
                }
              }
            ]
          }
        ]
      },
      "gridPos": {
        "h": 8,
        "w": 13,
        "x": 10,
        "y": 8
      },
      "id": 51,
      "options": {
        "legend": {
          "calcs": [],
          "displayMode": "list",
          "placement": "right",
          "showLegend": true
        },
        "tooltip": {
          "mode": "single",
          "sort": "none"
        }
      },
      "targets": [
        {
          "datasource": {
            "type": "prometheus",
            "uid": "prometheus_uid"
          },
          "editorMode": "code",
          "expr": "label_replace(\nsum(com_hazelcast_Metrics_totalPublishes{instance=~\".*HC.*\"}) by (tag0),\n \"tag0\",  \"$1\", \"tag0\", \"\\\"name=(.+)\\\"\"\n)",
          "instant": false,
          "legendFormat": "Publishes:{{tag0}}",
          "range": true,
          "refId": "A"
        },
        {
          "datasource": {
            "type": "prometheus",
            "uid": "prometheus_uid"
          },
          "editorMode": "code",
          "expr": "label_replace(\nsum(com_hazelcast_Metrics_totalReceivedMessages{instance=~\".*HC.*\"}) by (tag0),\n \"tag0\",  \"$1\", \"tag0\", \"\\\"name=(.+)\\\"\"\n)",
          "hide": false,
          "instant": false,
          "legendFormat": "Received: {{tag0}}",
          "range": true,
          "refId": "B"
        }
      ],
      "title": "Topics Publishes and Received",
      "type": "timeseries"
    },
    {
      "datasource": {
        "default": true,
        "type": "prometheus",
        "uid": "prometheus_uid"
      },
      "description": "\tMaxAge:\n\tMinAge:\n\tAverageAge:",
      "fieldConfig": {
        "defaults": {
          "color": {
            "mode": "palette-classic"
          },
          "custom": {
            "axisBorderShow": false,
            "axisCenteredZero": false,
            "axisColorMode": "text",
            "axisLabel": "",
            "axisPlacement": "auto",
            "barAlignment": 0,
            "barWidthFactor": 0.6,
            "drawStyle": "line",
            "fillOpacity": 0,
            "gradientMode": "none",
            "hideFrom": {
              "legend": false,
              "tooltip": false,
              "viz": false
            },
            "insertNulls": false,
            "lineInterpolation": "linear",
            "lineWidth": 1,
            "pointSize": 5,
            "scaleDistribution": {
              "type": "linear"
            },
            "showPoints": "auto",
            "spanNulls": false,
            "stacking": {
              "group": "A",
              "mode": "none"
            },
            "thresholdsStyle": {
              "mode": "off"
            }
          },
          "mappings": [],
          "thresholds": {
            "mode": "percentage",
            "steps": [
              {
                "color": "green",
                "value": null
              },
              {
                "color": "orange",
                "value": 70
              },
              {
                "color": "red",
                "value": 85
              }
            ]
          }
        },
        "overrides": [
          {
            "__systemRef": "hideSeriesFrom",
            "matcher": {
              "id": "byNames",
              "options": {
                "mode": "exclude",
                "names": [
                  "\"name=ForceActionConfigTopic\""
                ],
                "prefix": "All except:",
                "readOnly": true
              }
            },
            "properties": [
              {
                "id": "custom.hideFrom",
                "value": {
                  "legend": false,
                  "tooltip": false,
                  "viz": true
                }
              }
            ]
          }
        ]
      },
      "gridPos": {
        "h": 7,
        "w": 23,
        "x": 0,
        "y": 16
      },
      "id": 52,
      "options": {
        "legend": {
          "calcs": [],
          "displayMode": "list",
          "placement": "right",
          "showLegend": true
        },
        "tooltip": {
          "mode": "single",
          "sort": "none"
        }
      },
      "pluginVersion": "11.2.0",
      "targets": [
        {
          "datasource": {
            "type": "prometheus",
            "uid": "prometheus_uid"
          },
          "editorMode": "code",
          "expr": "label_replace(\nsum(com_hazelcast_Metrics_minAge{instance=~\".*HC.*\"}) by (tag0),\n \"tag0\",  \"$1\", \"tag0\", \"\\\"name=(.+)\\\"\"\n)",
          "instant": false,
          "legendFormat": "Min:{{tag0}}",
          "range": true,
          "refId": "A"
        },
        {
          "datasource": {
            "type": "prometheus",
            "uid": "prometheus_uid"
          },
          "editorMode": "code",
          "expr": "label_replace(\nsum(com_hazelcast_Metrics_averageAge{instance=~\".*HC.*\"}) by (tag0),\n \"tag0\",  \"$1\", \"tag0\", \"\\\"name=(.+)\\\"\"\n)",
          "hide": false,
          "instant": false,
          "legendFormat": "Avg: {{tag0}}",
          "range": true,
          "refId": "B"
        },
        {
          "datasource": {
            "type": "prometheus",
            "uid": "prometheus_uid"
          },
          "editorMode": "code",
          "expr": "label_replace(\nsum(com_hazelcast_Metrics_maxAge{instance=~\".*HC.*\"}) by (tag0),\n \"tag0\",  \"$1\", \"tag0\", \"\\\"name=(.+)\\\"\"\n)",
          "hide": false,
          "instant": false,
          "legendFormat": "Max: {{tag0}}",
          "range": true,
          "refId": "C"
        }
      ],
      "title": "QUEUES",
      "type": "timeseries"
    },
    {
      "collapsed": false,
      "datasource": {
        "type": "prometheus",
        "uid": "prometheus_uid"
      },
      "gridPos": {
        "h": 1,
        "w": 24,
        "x": 0,
        "y": 23
      },
      "id": 16,
      "panels": [],
      "targets": [
        {
          "datasource": {
            "type": "prometheus",
            "uid": "prometheus_uid"
          },
          "refId": "A"
        }
      ],
      "title": "Overview",
      "type": "row"
    },
    {
      "datasource": {
        "default": true,
        "type": "prometheus",
        "uid": "prometheus_uid"
      },
      "fieldConfig": {
        "defaults": {
          "color": {
            "mode": "palette-classic"
          },
          "custom": {
            "axisBorderShow": false,
            "axisCenteredZero": false,
            "axisColorMode": "text",
            "axisLabel": "",
            "axisPlacement": "auto",
            "barAlignment": 0,
            "barWidthFactor": 0.6,
            "drawStyle": "line",
            "fillOpacity": 10,
            "gradientMode": "none",
            "hideFrom": {
              "legend": false,
              "tooltip": false,
              "viz": false
            },
            "insertNulls": false,
            "lineInterpolation": "linear",
            "lineWidth": 1,
            "pointSize": 5,
            "scaleDistribution": {
              "type": "linear"
            },
            "showPoints": "never",
            "spanNulls": false,
            "stacking": {
              "group": "A",
              "mode": "none"
            },
            "thresholdsStyle": {
              "mode": "off"
            }
          },
          "links": [],
          "mappings": [],
          "thresholds": {
            "mode": "absolute",
            "steps": [
              {
                "color": "green"
              },
              {
                "color": "red",
                "value": 80
              }
            ]
          },
          "unit": "short"
        },
        "overrides": []
      },
      "gridPos": {
        "h": 8,
        "w": 19,
        "x": 0,
        "y": 24
      },
      "id": 4,
      "options": {
        "legend": {
          "calcs": [],
          "displayMode": "list",
          "placement": "bottom",
          "showLegend": true
        },
        "tooltip": {
          "mode": "multi",
          "sort": "none"
        }
      },
      "pluginVersion": "9.5.2",
      "targets": [
        {
          "datasource": {
            "type": "prometheus",
            "uid": "prometheus_uid"
          },
          "editorMode": "code",
          "expr": "com_hazelcast_Metrics_systemLoadAverage{instance=~\".*HC.*\"}",
          "interval": "",
          "legendFormat": "{{instance}}",
          "range": true,
          "refId": "A"
        }
      ],
      "title": "System load",
      "type": "timeseries"
    },
    {
      "datasource": {
        "default": true,
        "type": "prometheus",
        "uid": "prometheus_uid"
      },
      "fieldConfig": {
        "defaults": {
          "color": {
            "mode": "palette-classic"
          },
          "custom": {
            "hideFrom": {
              "legend": false,
              "tooltip": false,
              "viz": false
            }
          },
          "mappings": []
        },
        "overrides": []
      },
      "gridPos": {
        "h": 8,
        "w": 4,
        "x": 19,
        "y": 24
      },
      "id": 10,
      "options": {
        "displayLabels": [
          "value",
          "percent"
        ],
        "legend": {
          "displayMode": "list",
          "placement": "bottom",
          "showLegend": true
        },
        "pieType": "pie",
        "reduceOptions": {
          "calcs": [
            "lastNotNull"
          ],
          "fields": "",
          "values": false
        },
        "tooltip": {
          "mode": "single",
          "sort": "none"
        }
      },
      "pluginVersion": "11.2.0",
      "targets": [
        {
          "datasource": {
            "type": "prometheus",
            "uid": "prometheus_uid"
          },
          "editorMode": "code",
          "exemplar": false,
          "expr": "com_hazelcast_Metrics_activePartitionCount{instance=~\".*HC.*\"}",
          "instant": true,
          "interval": "",
          "legendFormat": "Member {{instance}} ",
          "range": false,
          "refId": "A"
        }
      ],
      "title": "Partition counts",
      "type": "piechart"
    },
    {
      "datasource": {
        "default": true,
        "type": "prometheus",
        "uid": "prometheus_uid"
      },
      "fieldConfig": {
        "defaults": {
          "color": {
            "mode": "palette-classic"
          },
          "custom": {
            "axisBorderShow": false,
            "axisCenteredZero": false,
            "axisColorMode": "text",
            "axisLabel": "",
            "axisPlacement": "auto",
            "barAlignment": 0,
            "barWidthFactor": 0.6,
            "drawStyle": "line",
            "fillOpacity": 0,
            "gradientMode": "none",
            "hideFrom": {
              "legend": false,
              "tooltip": false,
              "viz": false
            },
            "insertNulls": false,
            "lineInterpolation": "smooth",
            "lineStyle": {
              "fill": "solid"
            },
            "lineWidth": 2,
            "pointSize": 5,
            "scaleDistribution": {
              "type": "linear"
            },
            "showPoints": "auto",
            "spanNulls": false,
            "stacking": {
              "group": "A",
              "mode": "none"
            },
            "thresholdsStyle": {
              "mode": "off"
            }
          },
          "mappings": [],
          "min": 0,
          "thresholds": {
            "mode": "percentage",
            "steps": [
              {
                "color": "green"
              },
              {
                "color": "red",
                "value": 95
              }
            ]
          },
          "unit": "bytes"
        },
        "overrides": []
      },
      "gridPos": {
        "h": 8,
        "w": 8,
        "x": 0,
        "y": 32
      },
      "id": 27,
      "options": {
        "legend": {
          "calcs": [],
          "displayMode": "list",
          "placement": "bottom",
          "showLegend": true
        },
        "tooltip": {
          "mode": "single",
          "sort": "none"
        }
      },
      "pluginVersion": "11.2.0",
      "targets": [
        {
          "datasource": {
            "type": "prometheus",
            "uid": "prometheus_uid"
          },
          "editorMode": "code",
          "exemplar": false,
          "expr": "com_hazelcast_Metrics_totalPhysicalMemorySize{instance=~\".*HC.*\"} - com_hazelcast_Metrics_freePhysicalMemorySize{instance=~\".*HC.*\"}",
          "instant": false,
          "interval": "",
          "legendFormat": "{{instance}}",
          "range": true,
          "refId": "A"
        },
        {
          "datasource": {
            "type": "prometheus",
            "uid": "prometheus_uid"
          },
          "editorMode": "code",
          "exemplar": false,
          "expr": "com_hazelcast_Metrics_totalPhysicalMemorySize{instance=~\".*HC.*\"}",
          "hide": true,
          "instant": true,
          "legendFormat": "Max",
          "range": false,
          "refId": "B"
        }
      ],
      "title": "Physical usage",
      "type": "timeseries"
    },
    {
      "datasource": {
        "default": true,
        "type": "prometheus",
        "uid": "prometheus_uid"
      },
      "fieldConfig": {
        "defaults": {
          "color": {
            "mode": "thresholds"
          },
          "mappings": [],
          "min": 0,
          "thresholds": {
            "mode": "percentage",
            "steps": [
              {
                "color": "green"
              },
              {
                "color": "red",
                "value": 95
              }
            ]
          },
          "unit": "bytes"
        },
        "overrides": []
      },
      "gridPos": {
        "h": 8,
        "w": 8,
        "x": 8,
        "y": 32
      },
      "id": 38,
      "options": {
        "minVizHeight": 75,
        "minVizWidth": 75,
        "orientation": "auto",
        "reduceOptions": {
          "calcs": [
            "lastNotNull"
          ],
          "fields": "",
          "values": true
        },
        "showThresholdLabels": false,
        "showThresholdMarkers": true,
        "sizing": "auto"
      },
      "pluginVersion": "11.2.0",
      "targets": [
        {
          "datasource": {
            "type": "prometheus",
            "uid": "prometheus_uid"
          },
          "editorMode": "code",
          "exemplar": false,
          "expr": "com_hazelcast_Metrics_usedHeap{instance=~\".*HC.*\"}",
          "hide": false,
          "instant": true,
          "interval": "",
          "legendFormat": "{{instance}}",
          "range": false,
          "refId": "A"
        },
        {
          "datasource": {
            "type": "prometheus",
            "uid": "prometheus_uid"
          },
          "editorMode": "code",
          "exemplar": false,
          "expr": "com_hazelcast_Metrics_maxHeap{instance=~\".*HC.*\"}",
          "hide": false,
          "instant": true,
          "legendFormat": "Memory",
          "range": false,
          "refId": "B"
        }
      ],
      "title": "Heap used",
      "transformations": [
        {
          "id": "configFromData",
          "options": {
            "applyTo": {
              "id": "byFrameRefID",
              "options": "A"
            },
            "configRefId": "B",
            "mappings": [
              {
                "fieldName": "Memory",
                "handlerKey": "max"
              }
            ]
          }
        },
        {
          "id": "convertFieldType",
          "options": {
            "conversions": [
              {
                "destinationType": "string",
                "targetField": "Memory"
              }
            ],
            "fields": {}
          }
        }
      ],
      "type": "gauge"
    },
    {
      "datasource": {
        "default": true,
        "type": "prometheus",
        "uid": "prometheus_uid"
      },
      "fieldConfig": {
        "defaults": {
          "color": {
            "mode": "thresholds"
          },
          "mappings": [],
          "min": 0,
          "thresholds": {
            "mode": "percentage",
            "steps": [
              {
                "color": "green"
              },
              {
                "color": "red",
                "value": 95
              }
            ]
          },
          "unit": "bytes"
        },
        "overrides": []
      },
      "gridPos": {
        "h": 8,
        "w": 8,
        "x": 16,
        "y": 32
      },
      "id": 39,
      "options": {
        "minVizHeight": 75,
        "minVizWidth": 75,
        "orientation": "auto",
        "reduceOptions": {
          "calcs": [
            "lastNotNull"
          ],
          "fields": "",
          "values": false
        },
        "showThresholdLabels": false,
        "showThresholdMarkers": true,
        "sizing": "auto"
      },
      "pluginVersion": "11.2.0",
      "targets": [
        {
          "datasource": {
            "type": "prometheus",
            "uid": "prometheus_uid"
          },
          "editorMode": "code",
          "exemplar": false,
          "expr": "sum(com_hazelcast_Metrics_totalPhysicalMemorySize{instance=~\".*HC.*\"}) by (instance) - sum(com_hazelcast_Metrics_freePhysicalMemorySize{instance=~\".*HC.*\"}) by (instance) - sum(com_hazelcast_Metrics_committedHeap{instance=~\".*HC.*\"}) by (instance)",
          "instant": true,
          "legendFormat": "{{instance}}",
          "range": false,
          "refId": "A"
        },
        {
          "datasource": {
            "type": "prometheus",
            "uid": "prometheus_uid"
          },
          "editorMode": "code",
          "exemplar": false,
          "expr": "sum(com_hazelcast_Metrics_totalPhysicalMemorySize{instance=~\".*HC.*\"}) by (instance) - sum(com_hazelcast_Metrics_maxHeap{instance=~\".*HC.*\"}) by (instance)",
          "hide": false,
          "instant": true,
          "legendFormat": "Max",
          "range": false,
          "refId": "B"
        }
      ],
      "title": "Non-Heap used",
      "transformations": [
        {
          "id": "configFromData",
          "options": {
            "configRefId": "B",
            "mappings": [
              {
                "fieldName": "Max",
                "handlerKey": "max"
              }
            ]
          }
        },
        {
          "id": "convertFieldType",
          "options": {
            "conversions": [
              {
                "destinationType": "string",
                "targetField": "Max"
              }
            ],
            "fields": {}
          }
        }
      ],
      "type": "gauge"
    },
    {
      "datasource": {
        "default": true,
        "type": "prometheus",
        "uid": "prometheus_uid"
      },
      "fieldConfig": {
        "defaults": {
          "color": {
            "mode": "palette-classic"
          },
          "custom": {
            "axisBorderShow": false,
            "axisCenteredZero": false,
            "axisColorMode": "text",
            "axisLabel": "",
            "axisPlacement": "auto",
            "barAlignment": 0,
            "barWidthFactor": 0.6,
            "drawStyle": "line",
            "fillOpacity": 0,
            "gradientMode": "none",
            "hideFrom": {
              "legend": false,
              "tooltip": false,
              "viz": false
            },
            "insertNulls": false,
            "lineInterpolation": "linear",
            "lineWidth": 1,
            "pointSize": 5,
            "scaleDistribution": {
              "type": "linear"
            },
            "showPoints": "auto",
            "spanNulls": false,
            "stacking": {
              "group": "A",
              "mode": "none"
            },
            "thresholdsStyle": {
              "mode": "off"
            }
          },
          "mappings": [],
          "thresholds": {
            "mode": "absolute",
            "steps": [
              {
                "color": "green"
              },
              {
                "color": "red",
                "value": 90
              }
            ]
          },
          "unit": "kbytes"
        },
        "overrides": []
      },
      "gridPos": {
        "h": 9,
        "w": 8,
        "x": 0,
        "y": 40
      },
      "id": 33,
      "options": {
        "legend": {
          "calcs": [
            "min",
            "lastNotNull"
          ],
          "displayMode": "table",
          "placement": "bottom",
          "showLegend": true
        },
        "tooltip": {
          "mode": "single",
          "sort": "none"
        }
      },
      "pluginVersion": "9.5.2",
      "targets": [
        {
          "datasource": {
            "type": "prometheus",
            "uid": "prometheus_uid"
          },
          "editorMode": "code",
          "expr": "com_hazelcast_Metrics_freePhysicalMemorySize{instance=~\".*HC.*\"} / 1024",
          "interval": "",
          "legendFormat": "{{instance}}",
          "range": true,
          "refId": "C"
        }
      ],
      "title": "Free physical memory",
      "type": "timeseries"
    },
    {
      "datasource": {
        "default": true,
        "type": "prometheus",
        "uid": "prometheus_uid"
      },
      "fieldConfig": {
        "defaults": {
          "color": {
            "mode": "palette-classic"
          },
          "custom": {
            "axisBorderShow": false,
            "axisCenteredZero": false,
            "axisColorMode": "text",
            "axisLabel": "",
            "axisPlacement": "auto",
            "barAlignment": 0,
            "barWidthFactor": 0.6,
            "drawStyle": "line",
            "fillOpacity": 0,
            "gradientMode": "none",
            "hideFrom": {
              "legend": false,
              "tooltip": false,
              "viz": false
            },
            "insertNulls": false,
            "lineInterpolation": "linear",
            "lineWidth": 1,
            "pointSize": 5,
            "scaleDistribution": {
              "type": "linear"
            },
            "showPoints": "auto",
            "spanNulls": false,
            "stacking": {
              "group": "A",
              "mode": "none"
            },
            "thresholdsStyle": {
              "mode": "off"
            }
          },
          "mappings": [],
          "thresholds": {
            "mode": "absolute",
            "steps": [
              {
                "color": "green"
              },
              {
                "color": "red",
                "value": 90
              }
            ]
          },
          "unit": "bytes"
        },
        "overrides": [
          {
            "matcher": {
              "id": "byRegexp",
              "options": "/Limit.*/"
            },
            "properties": [
              {
                "id": "color",
                "value": {
                  "fixedColor": "red",
                  "mode": "fixed"
                }
              },
              {
                "id": "custom.lineStyle",
                "value": {
                  "dash": [
                    10,
                    10
                  ],
                  "fill": "dash"
                }
              },
              {
                "id": "custom.showPoints",
                "value": "never"
              }
            ]
          }
        ]
      },
      "gridPos": {
        "h": 9,
        "w": 8,
        "x": 8,
        "y": 40
      },
      "id": 32,
      "options": {
        "legend": {
          "calcs": [
            "max",
            "lastNotNull"
          ],
          "displayMode": "table",
          "placement": "bottom",
          "showLegend": true,
          "sortBy": "Max",
          "sortDesc": true
        },
        "tooltip": {
          "mode": "single",
          "sort": "none"
        }
      },
      "pluginVersion": "9.5.2",
      "targets": [
        {
          "datasource": {
            "type": "prometheus",
            "uid": "prometheus_uid"
          },
          "editorMode": "code",
          "expr": "com_hazelcast_Metrics_usedHeap{instance=~\".*HC.*\"}",
          "interval": "",
          "legendFormat": "{{instance}}",
          "range": true,
          "refId": "C"
        },
        {
          "datasource": {
            "type": "prometheus",
            "uid": "prometheus_uid"
          },
          "editorMode": "code",
          "expr": "min(com_hazelcast_Metrics_maxHeap{instance=~\".*HC.*\"})",
          "hide": false,
          "legendFormat": "Limit",
          "range": true,
          "refId": "A"
        }
      ],
      "title": "Heap usage",
      "type": "timeseries"
    },
    {
      "datasource": {
        "default": true,
        "type": "prometheus",
        "uid": "prometheus_uid"
      },
      "fieldConfig": {
        "defaults": {
          "color": {
            "mode": "palette-classic"
          },
          "custom": {
            "axisBorderShow": false,
            "axisCenteredZero": false,
            "axisColorMode": "text",
            "axisLabel": "",
            "axisPlacement": "auto",
            "barAlignment": 0,
            "barWidthFactor": 0.6,
            "drawStyle": "line",
            "fillOpacity": 0,
            "gradientMode": "none",
            "hideFrom": {
              "legend": false,
              "tooltip": false,
              "viz": false
            },
            "insertNulls": false,
            "lineInterpolation": "linear",
            "lineStyle": {
              "fill": "solid"
            },
            "lineWidth": 1,
            "pointSize": 5,
            "scaleDistribution": {
              "type": "linear"
            },
            "showPoints": "auto",
            "spanNulls": false,
            "stacking": {
              "group": "A",
              "mode": "none"
            },
            "thresholdsStyle": {
              "mode": "off"
            }
          },
          "mappings": [],
          "thresholds": {
            "mode": "absolute",
            "steps": [
              {
                "color": "green"
              },
              {
                "color": "red",
                "value": 90
              }
            ]
          },
          "unit": "bytes"
        },
        "overrides": [
          {
            "matcher": {
              "id": "byRegexp",
              "options": "/Limit.*/"
            },
            "properties": [
              {
                "id": "color",
                "value": {
                  "fixedColor": "red",
                  "mode": "fixed"
                }
              },
              {
                "id": "custom.lineStyle",
                "value": {
                  "dash": [
                    10,
                    10
                  ],
                  "fill": "dash"
                }
              },
              {
                "id": "custom.showPoints",
                "value": "never"
              }
            ]
          }
        ]
      },
      "gridPos": {
        "h": 9,
        "w": 8,
        "x": 16,
        "y": 40
      },
      "id": 35,
      "options": {
        "legend": {
          "calcs": [
            "max",
            "lastNotNull"
          ],
          "displayMode": "table",
          "placement": "bottom",
          "showLegend": true,
          "sortBy": "Max",
          "sortDesc": true
        },
        "tooltip": {
          "mode": "single",
          "sort": "none"
        }
      },
      "pluginVersion": "9.5.2",
      "targets": [
        {
          "datasource": {
            "type": "prometheus",
            "uid": "prometheus_uid"
          },
          "editorMode": "code",
          "expr": "( sum(com_hazelcast_Metrics_totalPhysicalMemorySize{instance=~\".*HC.*\"}) by (instance) - sum(com_hazelcast_Metrics_freePhysicalMemorySize{instance=~\".*HC.*\"}) by (instance) - sum(com_hazelcast_Metrics_committedHeap{instance=~\".*HC.*\"}) by (instance) )",
          "hide": false,
          "interval": "",
          "legendFormat": "{{instance}}",
          "range": true,
          "refId": "A"
        },
        {
          "datasource": {
            "type": "prometheus",
            "uid": "prometheus_uid"
          },
          "editorMode": "code",
          "expr": "min( sum(com_hazelcast_Metrics_totalPhysicalMemorySize{instance=~\".*HC.*\"}) by (instance) - sum(com_hazelcast_Metrics_maxHeap{instance=~\".*HC.*\"}) by (instance) )",
          "hide": false,
          "legendFormat": "Limit",
          "range": true,
          "refId": "B"
        }
      ],
      "title": "Non-Heap usage",
      "type": "timeseries"
    },
    {
      "datasource": {
        "default": true,
        "type": "prometheus",
        "uid": "prometheus_uid"
      },
      "fieldConfig": {
        "defaults": {
          "color": {
            "mode": "palette-classic"
          },
          "custom": {
            "axisBorderShow": false,
            "axisCenteredZero": false,
            "axisColorMode": "text",
            "axisLabel": "",
            "axisPlacement": "auto",
            "barAlignment": 0,
            "barWidthFactor": 0.6,
            "drawStyle": "line",
            "fillOpacity": 0,
            "gradientMode": "none",
            "hideFrom": {
              "legend": false,
              "tooltip": false,
              "viz": false
            },
            "insertNulls": false,
            "lineInterpolation": "linear",
            "lineWidth": 1,
            "pointSize": 5,
            "scaleDistribution": {
              "type": "linear"
            },
            "showPoints": "auto",
            "spanNulls": false,
            "stacking": {
              "group": "A",
              "mode": "none"
            },
            "thresholdsStyle": {
              "mode": "off"
            }
          },
          "mappings": [],
          "thresholds": {
            "mode": "absolute",
            "steps": [
              {
                "color": "green"
              },
              {
                "color": "red",
                "value": 90
              }
            ]
          },
          "unit": "kbytes"
        },
        "overrides": []
      },
      "gridPos": {
        "h": 9,
        "w": 8,
        "x": 0,
        "y": 49
      },
      "id": 45,
      "options": {
        "legend": {
          "calcs": [
            "min",
            "lastNotNull"
          ],
          "displayMode": "table",
          "placement": "bottom",
          "showLegend": true
        },
        "tooltip": {
          "mode": "single",
          "sort": "none"
        }
      },
      "pluginVersion": "9.5.2",
      "targets": [
        {
          "datasource": {
            "type": "prometheus",
            "uid": "prometheus_uid"
          },
          "editorMode": "code",
          "expr": "rate(jvm_gc_collection_seconds_count{instance=~\".*HC.*\",gc=\"G1 Old Generation\"}[5m])\n",
          "interval": "",
          "legendFormat": "{{instance}} - G1 Old Generation",
          "range": true,
          "refId": "C"
        },
        {
          "datasource": {
            "type": "prometheus",
            "uid": "prometheus_uid"
          },
          "editorMode": "code",
          "expr": "rate(jvm_gc_collection_seconds_count{instance=~\".*HC.*\",gc=\"G1 Young Generation\"}[5m])\n",
          "hide": false,
          "instant": false,
          "legendFormat": "{{instance}} - G1 Young Generation",
          "range": true,
          "refId": "A"
        }
      ],
      "title": "GC Major Count",
      "type": "timeseries"
    },
    {
      "datasource": {
        "default": true,
        "type": "prometheus",
        "uid": "prometheus_uid"
      },
      "fieldConfig": {
        "defaults": {
          "color": {
            "mode": "palette-classic"
          },
          "custom": {
            "axisBorderShow": false,
            "axisCenteredZero": false,
            "axisColorMode": "text",
            "axisLabel": "",
            "axisPlacement": "auto",
            "barAlignment": 0,
            "barWidthFactor": 0.6,
            "drawStyle": "line",
            "fillOpacity": 0,
            "gradientMode": "none",
            "hideFrom": {
              "legend": false,
              "tooltip": false,
              "viz": false
            },
            "insertNulls": false,
            "lineInterpolation": "smooth",
            "lineWidth": 1,
            "pointSize": 5,
            "scaleDistribution": {
              "type": "linear"
            },
            "showPoints": "auto",
            "spanNulls": false,
            "stacking": {
              "group": "A",
              "mode": "none"
            },
            "thresholdsStyle": {
              "mode": "off"
            }
          },
          "mappings": [],
          "thresholds": {
            "mode": "absolute",
            "steps": [
              {
                "color": "green"
              },
              {
                "color": "red",
                "value": 80
              }
            ]
          },
          "unit": "s"
        },
        "overrides": []
      },
      "gridPos": {
        "h": 9,
        "w": 8,
        "x": 8,
        "y": 49
      },
      "id": 46,
      "options": {
        "legend": {
          "calcs": [],
          "displayMode": "table",
          "placement": "bottom",
          "showLegend": true
        },
        "tooltip": {
          "mode": "single",
          "sort": "none"
        }
      },
      "pluginVersion": "9.5.2",
      "targets": [
        {
          "datasource": {
            "type": "prometheus",
            "uid": "prometheus_uid"
          },
          "editorMode": "code",
          "expr": "rate(jvm_gc_collection_seconds_sum{instance=~\".*HC.*\",gc=\"G1 Old Generation\"}[5m])\n",
          "interval": "",
          "legendFormat": "{{instance}} - G1 Old Generation",
          "range": true,
          "refId": "C"
        },
        {
          "datasource": {
            "type": "prometheus",
            "uid": "prometheus_uid"
          },
          "editorMode": "code",
          "expr": "rate(jvm_gc_collection_seconds_sum{instance=~\".*HC.*\",gc=\"G1 Young Generation\"}[5m])\n",
          "hide": false,
          "instant": false,
          "legendFormat": "{{instance}} - G1 Young Generation",
          "range": true,
          "refId": "A"
        }
      ],
      "title": "GC Major Time",
      "type": "timeseries"
    },
    {
      "collapsed": false,
      "gridPos": {
        "h": 1,
        "w": 24,
        "x": 0,
        "y": 58
      },
      "id": 44,
      "panels": [],
      "title": "Map resources",
      "type": "row"
    },
    {
      "datasource": {
        "default": true,
        "type": "prometheus",
        "uid": "prometheus_uid"
      },
      "fieldConfig": {
        "defaults": {
          "color": {
            "mode": "palette-classic"
          },
          "custom": {
            "axisBorderShow": false,
            "axisCenteredZero": false,
            "axisColorMode": "text",
            "axisLabel": "",
            "axisPlacement": "auto",
            "barAlignment": 0,
            "barWidthFactor": 0.6,
            "drawStyle": "line",
            "fillOpacity": 10,
            "gradientMode": "none",
            "hideFrom": {
              "legend": false,
              "tooltip": false,
              "viz": false
            },
            "insertNulls": false,
            "lineInterpolation": "linear",
            "lineWidth": 1,
            "pointSize": 5,
            "scaleDistribution": {
              "type": "linear"
            },
            "showPoints": "never",
            "spanNulls": false,
            "stacking": {
              "group": "A",
              "mode": "none"
            },
            "thresholdsStyle": {
              "mode": "off"
            }
          },
          "links": [],
          "mappings": [],
          "thresholds": {
            "mode": "absolute",
            "steps": [
              {
                "color": "green"
              },
              {
                "color": "red",
                "value": 80
              }
            ]
          },
          "unit": "bytes"
        },
        "overrides": []
      },
      "gridPos": {
        "h": 9,
        "w": 12,
        "x": 0,
        "y": 59
      },
      "id": 24,
      "options": {
        "legend": {
          "calcs": [
            "max",
            "lastNotNull"
          ],
          "displayMode": "table",
          "placement": "bottom",
          "showLegend": true,
          "sortBy": "Max",
          "sortDesc": true
        },
        "tooltip": {
          "mode": "multi",
          "sort": "none"
        }
      },
      "pluginVersion": "9.5.2",
      "targets": [
        {
          "datasource": {
            "type": "prometheus",
            "uid": "prometheus_uid"
          },
          "editorMode": "code",
          "expr": "com_hazelcast_Metrics_ownedEntryMemoryCost{instance=~\".*HC.*\", tag0='$map'}",
          "interval": "",
          "legendFormat": "Owned entry mem. {{instance}} - {{tag0}}",
          "range": true,
          "refId": "A"
        },
        {
          "datasource": {
            "type": "prometheus",
            "uid": "prometheus_uid"
          },
          "editorMode": "code",
          "expr": "com_hazelcast_Metrics_backupEntryMemoryCost{instance=~\".*HC.*\", tag0='$map'}",
          "interval": "",
          "legendFormat": "Backup entry mem. {{instance}} - {{tag0}}",
          "range": true,
          "refId": "B"
        },
        {
          "datasource": {
            "type": "prometheus",
            "uid": "prometheus_uid"
          },
          "editorMode": "code",
          "expr": "com_hazelcast_Metrics_heapCost{instance=~\".*HC.*\", tag0='$map'}",
          "interval": "",
          "legendFormat": "Heap cost {{instance}} - {{tag0}}",
          "range": true,
          "refId": "C"
        }
      ],
      "title": "Memory usage",
      "type": "timeseries"
    },
    {
      "datasource": {
        "default": true,
        "type": "prometheus",
        "uid": "prometheus_uid"
      },
      "fieldConfig": {
        "defaults": {
          "color": {
            "mode": "palette-classic"
          },
          "custom": {
            "axisBorderShow": false,
            "axisCenteredZero": false,
            "axisColorMode": "text",
            "axisLabel": "",
            "axisPlacement": "auto",
            "barAlignment": 0,
            "barWidthFactor": 0.6,
            "drawStyle": "line",
            "fillOpacity": 10,
            "gradientMode": "none",
            "hideFrom": {
              "legend": false,
              "tooltip": false,
              "viz": false
            },
            "insertNulls": false,
            "lineInterpolation": "linear",
            "lineWidth": 1,
            "pointSize": 5,
            "scaleDistribution": {
              "type": "linear"
            },
            "showPoints": "never",
            "spanNulls": false,
            "stacking": {
              "group": "A",
              "mode": "none"
            },
            "thresholdsStyle": {
              "mode": "off"
            }
          },
          "links": [],
          "mappings": [],
          "thresholds": {
            "mode": "absolute",
            "steps": [
              {
                "color": "green"
              },
              {
                "color": "red",
                "value": 80
              }
            ]
          },
          "unit": "short"
        },
        "overrides": []
      },
      "gridPos": {
        "h": 9,
        "w": 12,
        "x": 12,
        "y": 59
      },
      "id": 31,
      "options": {
        "legend": {
          "calcs": [
            "max",
            "last"
          ],
          "displayMode": "table",
          "placement": "bottom",
          "showLegend": true
        },
        "tooltip": {
          "mode": "multi",
          "sort": "asc"
        }
      },
      "pluginVersion": "9.5.2",
      "targets": [
        {
          "datasource": {
            "type": "prometheus",
            "uid": "prometheus_uid"
          },
          "editorMode": "code",
          "expr": "com_hazelcast_Metrics_ownedEntryCount{instance=~\".*HC.*\", tag0='$map'}",
          "interval": "",
          "legendFormat": "Owned entries: {{tag0}} - {{instance}}",
          "range": true,
          "refId": "A"
        },
        {
          "datasource": {
            "type": "prometheus",
            "uid": "prometheus_uid"
          },
          "editorMode": "code",
          "expr": "com_hazelcast_Metrics_backupEntryCount{instance=~\".*HC.*\", tag0='$map'}",
          "interval": "",
          "legendFormat": "Backup entries: {{tag0}} - {{instance}}",
          "range": true,
          "refId": "B"
        },
        {
          "datasource": {
            "type": "prometheus",
            "uid": "prometheus_uid"
          },
          "editorMode": "code",
          "expr": "com_hazelcast_Metrics_lockedEntryCount{instance=~\".*HC.*\", tag0='$map'}",
          "interval": "",
          "legendFormat": "Locked entries: {{tag0}} - {{instance}}",
          "range": true,
          "refId": "C"
        },
        {
          "datasource": {
            "type": "prometheus",
            "uid": "prometheus_uid"
          },
          "editorMode": "code",
          "expr": "com_hazelcast_Metrics_dirtyEntryCount{instance=~\".*HC.*\", tag0='$map'}",
          "interval": "",
          "legendFormat": "Dirty entries: {{tag0}} - {{instance}}",
          "range": true,
          "refId": "D"
        }
      ],
      "title": "Entry count",
      "type": "timeseries"
    },
    {
      "datasource": {
        "default": true,
        "type": "prometheus",
        "uid": "prometheus_uid"
      },
      "fieldConfig": {
        "defaults": {
          "color": {
            "mode": "palette-classic"
          },
          "custom": {
            "axisBorderShow": false,
            "axisCenteredZero": false,
            "axisColorMode": "text",
            "axisLabel": "",
            "axisPlacement": "auto",
            "barAlignment": 0,
            "barWidthFactor": 0.6,
            "drawStyle": "line",
            "fillOpacity": 10,
            "gradientMode": "none",
            "hideFrom": {
              "legend": false,
              "tooltip": false,
              "viz": false
            },
            "insertNulls": false,
            "lineInterpolation": "linear",
            "lineWidth": 1,
            "pointSize": 5,
            "scaleDistribution": {
              "type": "linear"
            },
            "showPoints": "never",
            "spanNulls": false,
            "stacking": {
              "group": "A",
              "mode": "none"
            },
            "thresholdsStyle": {
              "mode": "off"
            }
          },
          "links": [],
          "mappings": [],
          "thresholds": {
            "mode": "absolute",
            "steps": [
              {
                "color": "green"
              },
              {
                "color": "red",
                "value": 80
              }
            ]
          },
          "unit": "bytes"
        },
        "overrides": []
      },
      "gridPos": {
        "h": 9,
        "w": 12,
        "x": 0,
        "y": 68
      },
      "id": 36,
      "options": {
        "legend": {
          "calcs": [
            "max",
            "lastNotNull"
          ],
          "displayMode": "table",
          "placement": "bottom",
          "showLegend": true,
          "sortBy": "Max",
          "sortDesc": true
        },
        "tooltip": {
          "mode": "multi",
          "sort": "none"
        }
      },
      "pluginVersion": "9.5.2",
      "targets": [
        {
          "datasource": {
            "type": "prometheus",
            "uid": "prometheus_uid"
          },
          "editorMode": "code",
          "expr": "( sum(com_hazelcast_Metrics_ownedEntryMemoryCost{instance=~\".*HC.*\", tag0='$map'}) by (tag0) / sum(com_hazelcast_Metrics_ownedEntryCount{instance=~\".*HC.*\", tag0='$map'}) by (tag0) )",
          "interval": "",
          "legendFormat": "Avarage - {{tag0}}",
          "range": true,
          "refId": "A"
        }
      ],
      "title": "Average entity size",
      "type": "timeseries"
    },
    {
      "datasource": {
        "default": true,
        "type": "prometheus",
        "uid": "prometheus_uid"
      },
      "fieldConfig": {
        "defaults": {
          "color": {
            "mode": "palette-classic"
          },
          "custom": {
            "axisBorderShow": false,
            "axisCenteredZero": false,
            "axisColorMode": "text",
            "axisLabel": "",
            "axisPlacement": "auto",
            "barAlignment": 0,
            "barWidthFactor": 0.6,
            "drawStyle": "line",
            "fillOpacity": 10,
            "gradientMode": "none",
            "hideFrom": {
              "legend": false,
              "tooltip": false,
              "viz": false
            },
            "insertNulls": false,
            "lineInterpolation": "linear",
            "lineWidth": 1,
            "pointSize": 5,
            "scaleDistribution": {
              "type": "linear"
            },
            "showPoints": "never",
            "spanNulls": false,
            "stacking": {
              "group": "A",
              "mode": "none"
            },
            "thresholdsStyle": {
              "mode": "off"
            }
          },
          "links": [],
          "mappings": [],
          "thresholds": {
            "mode": "absolute",
            "steps": [
              {
                "color": "green"
              },
              {
                "color": "red",
                "value": 80
              }
            ]
          },
          "unit": "short"
        },
        "overrides": []
      },
      "gridPos": {
        "h": 9,
        "w": 12,
        "x": 12,
        "y": 68
      },
      "id": 37,
      "options": {
        "legend": {
          "calcs": [
            "max",
            "last"
          ],
          "displayMode": "table",
          "placement": "bottom",
          "showLegend": true
        },
        "tooltip": {
          "mode": "none",
          "sort": "asc"
        }
      },
      "pluginVersion": "9.5.2",
      "targets": [
        {
          "datasource": {
            "type": "prometheus",
            "uid": "prometheus_uid"
          },
          "editorMode": "code",
          "expr": "com_hazelcast_Metrics_evictionCount{instance=~\".*HC.*\", tag0='$map'}",
          "interval": "",
          "legendFormat": "Owned entries: {{tag0}} - {{instance}}",
          "range": true,
          "refId": "A"
        }
      ],
      "title": "Eviction count",
      "type": "timeseries"
    },
    {
      "collapsed": false,
      "datasource": {
        "type": "prometheus",
        "uid": "prometheus_uid"
      },
      "gridPos": {
        "h": 1,
        "w": 24,
        "x": 0,
        "y": 77
      },
      "id": 20,
      "panels": [],
      "targets": [
        {
          "datasource": {
            "type": "prometheus",
            "uid": "prometheus_uid"
          },
          "refId": "A"
        }
      ],
      "title": "Map operations info",
      "type": "row"
    },
    {
      "datasource": {
        "default": true,
        "type": "prometheus",
        "uid": "prometheus_uid"
      },
      "fieldConfig": {
        "defaults": {
          "color": {
            "mode": "palette-classic"
          },
          "custom": {
            "axisBorderShow": false,
            "axisCenteredZero": false,
            "axisColorMode": "text",
            "axisLabel": "",
            "axisPlacement": "auto",
            "barAlignment": 0,
            "barWidthFactor": 0.6,
            "drawStyle": "line",
            "fillOpacity": 10,
            "gradientMode": "none",
            "hideFrom": {
              "legend": false,
              "tooltip": false,
              "viz": false
            },
            "insertNulls": false,
            "lineInterpolation": "linear",
            "lineWidth": 1,
            "pointSize": 5,
            "scaleDistribution": {
              "type": "linear"
            },
            "showPoints": "never",
            "spanNulls": false,
            "stacking": {
              "group": "A",
              "mode": "normal"
            },
            "thresholdsStyle": {
              "mode": "off"
            }
          },
          "links": [],
          "mappings": [],
          "thresholds": {
            "mode": "absolute",
            "steps": [
              {
                "color": "green"
              },
              {
                "color": "red",
                "value": 80
              }
            ]
          },
          "unit": "short"
        },
        "overrides": []
      },
      "gridPos": {
        "h": 9,
        "w": 8,
        "x": 0,
        "y": 78
      },
      "id": 26,
      "options": {
        "legend": {
          "calcs": [
            "max",
            "last",
            "sum"
          ],
          "displayMode": "table",
          "placement": "bottom",
          "showLegend": true,
          "sortBy": "Max",
          "sortDesc": true
        },
        "tooltip": {
          "mode": "none",
          "sort": "asc"
        }
      },
      "pluginVersion": "9.5.2",
      "targets": [
        {
          "datasource": {
            "type": "prometheus",
            "uid": "prometheus_uid"
          },
          "editorMode": "code",
          "expr": "increase(com_hazelcast_Metrics_getCount{instance=~\".*HC.*\", tag0='$map'}[1m])",
          "interval": "",
          "legendFormat": "{{tag0}} - {{instance}}",
          "range": true,
          "refId": "A"
        }
      ],
      "title": "Get rate per minute",
      "type": "timeseries"
    },
    {
      "datasource": {
        "default": true,
        "type": "prometheus",
        "uid": "prometheus_uid"
      },
      "fieldConfig": {
        "defaults": {
          "color": {
            "mode": "palette-classic"
          },
          "custom": {
            "axisBorderShow": false,
            "axisCenteredZero": false,
            "axisColorMode": "text",
            "axisLabel": "",
            "axisPlacement": "auto",
            "barAlignment": 0,
            "barWidthFactor": 0.6,
            "drawStyle": "line",
            "fillOpacity": 10,
            "gradientMode": "none",
            "hideFrom": {
              "legend": false,
              "tooltip": false,
              "viz": false
            },
            "insertNulls": false,
            "lineInterpolation": "linear",
            "lineWidth": 1,
            "pointSize": 5,
            "scaleDistribution": {
              "type": "linear"
            },
            "showPoints": "never",
            "spanNulls": false,
            "stacking": {
              "group": "A",
              "mode": "normal"
            },
            "thresholdsStyle": {
              "mode": "off"
            }
          },
          "links": [],
          "mappings": [],
          "thresholds": {
            "mode": "absolute",
            "steps": [
              {
                "color": "green"
              },
              {
                "color": "red",
                "value": 80
              }
            ]
          },
          "unit": "short"
        },
        "overrides": []
      },
      "gridPos": {
        "h": 9,
        "w": 8,
        "x": 8,
        "y": 78
      },
      "id": 41,
      "options": {
        "legend": {
          "calcs": [
            "max",
            "last",
            "sum"
          ],
          "displayMode": "table",
          "placement": "bottom",
          "showLegend": true,
          "sortBy": "Max",
          "sortDesc": true
        },
        "tooltip": {
          "mode": "none",
          "sort": "asc"
        }
      },
      "pluginVersion": "9.5.2",
      "targets": [
        {
          "datasource": {
            "type": "prometheus",
            "uid": "prometheus_uid"
          },
          "editorMode": "code",
          "expr": "increase(com_hazelcast_Metrics_putCount{instance=~\".*HC.*\", tag0='$map'}[1m])",
          "interval": "",
          "legendFormat": "{{tag0}} - {{instance}}",
          "range": true,
          "refId": "B"
        }
      ],
      "title": "Put rate per minute",
      "type": "timeseries"
    },
    {
      "datasource": {
        "default": true,
        "type": "prometheus",
        "uid": "prometheus_uid"
      },
      "fieldConfig": {
        "defaults": {
          "color": {
            "mode": "palette-classic"
          },
          "custom": {
            "axisBorderShow": false,
            "axisCenteredZero": false,
            "axisColorMode": "text",
            "axisLabel": "",
            "axisPlacement": "auto",
            "barAlignment": 0,
            "barWidthFactor": 0.6,
            "drawStyle": "line",
            "fillOpacity": 10,
            "gradientMode": "none",
            "hideFrom": {
              "legend": false,
              "tooltip": false,
              "viz": false
            },
            "insertNulls": false,
            "lineInterpolation": "linear",
            "lineWidth": 1,
            "pointSize": 5,
            "scaleDistribution": {
              "type": "linear"
            },
            "showPoints": "never",
            "spanNulls": false,
            "stacking": {
              "group": "A",
              "mode": "normal"
            },
            "thresholdsStyle": {
              "mode": "off"
            }
          },
          "links": [],
          "mappings": [],
          "thresholds": {
            "mode": "absolute",
            "steps": [
              {
                "color": "green"
              },
              {
                "color": "red",
                "value": 80
              }
            ]
          },
          "unit": "short"
        },
        "overrides": []
      },
      "gridPos": {
        "h": 9,
        "w": 8,
        "x": 16,
        "y": 78
      },
      "id": 40,
      "options": {
        "legend": {
          "calcs": [
            "max",
            "last",
            "sum"
          ],
          "displayMode": "table",
          "placement": "bottom",
          "showLegend": true,
          "sortBy": "Max",
          "sortDesc": true
        },
        "tooltip": {
          "mode": "none",
          "sort": "asc"
        }
      },
      "pluginVersion": "9.5.2",
      "targets": [
        {
          "datasource": {
            "type": "prometheus",
            "uid": "prometheus_uid"
          },
          "editorMode": "code",
          "expr": "increase(com_hazelcast_Metrics_removeCount{instance=~\".*HC.*\", tag0='$map'}[1m])",
          "interval": "",
          "legendFormat": "{{tag0}} - {{instance}}",
          "range": true,
          "refId": "C"
        }
      ],
      "title": "Remove rate per minute",
      "type": "timeseries"
    },
    {
      "datasource": {
        "default": true,
        "type": "prometheus",
        "uid": "prometheus_uid"
      },
      "fieldConfig": {
        "defaults": {
          "color": {
            "mode": "palette-classic"
          },
          "custom": {
            "axisBorderShow": false,
            "axisCenteredZero": false,
            "axisColorMode": "text",
            "axisLabel": "",
            "axisPlacement": "auto",
            "barAlignment": 0,
            "barWidthFactor": 0.6,
            "drawStyle": "line",
            "fillOpacity": 10,
            "gradientMode": "none",
            "hideFrom": {
              "legend": false,
              "tooltip": false,
              "viz": false
            },
            "insertNulls": false,
            "lineInterpolation": "linear",
            "lineWidth": 1,
            "pointSize": 5,
            "scaleDistribution": {
              "type": "linear"
            },
            "showPoints": "never",
            "spanNulls": false,
            "stacking": {
              "group": "A",
              "mode": "none"
            },
            "thresholdsStyle": {
              "mode": "off"
            }
          },
          "links": [],
          "mappings": [
            {
              "options": {
                "NaN": {
                  "index": 0
                }
              },
              "type": "value"
            }
          ],
          "thresholds": {
            "mode": "absolute",
            "steps": [
              {
                "color": "green"
              },
              {
                "color": "red",
                "value": 80
              }
            ]
          },
          "unit": "ms"
        },
        "overrides": []
      },
      "gridPos": {
        "h": 9,
        "w": 8,
        "x": 0,
        "y": 87
      },
      "id": 22,
      "options": {
        "legend": {
          "calcs": [
            "max",
            "lastNotNull"
          ],
          "displayMode": "table",
          "placement": "bottom",
          "showLegend": true,
          "sortBy": "Max",
          "sortDesc": false,
          "width": 0
        },
        "tooltip": {
          "mode": "multi",
          "sort": "none"
        }
      },
      "pluginVersion": "9.5.2",
      "targets": [
        {
          "datasource": {
            "type": "prometheus",
            "uid": "prometheus_uid"
          },
          "editorMode": "code",
          "expr": "com_hazelcast_Metrics_totalGetLatency{instance=~\".*HC.*\", tag0='$map'} / ignoring(unit) com_hazelcast_Metrics_getCount{instance=~\".*HC.*\", tag0='$map'}",
          "interval": "",
          "legendFormat": "{{instance}} - {{tag0}}",
          "range": true,
          "refId": "A"
        }
      ],
      "title": "Average get times",
      "type": "timeseries"
    },
    {
      "datasource": {
        "default": true,
        "type": "prometheus",
        "uid": "prometheus_uid"
      },
      "fieldConfig": {
        "defaults": {
          "color": {
            "mode": "palette-classic"
          },
          "custom": {
            "axisBorderShow": false,
            "axisCenteredZero": false,
            "axisColorMode": "text",
            "axisLabel": "",
            "axisPlacement": "auto",
            "barAlignment": 0,
            "barWidthFactor": 0.6,
            "drawStyle": "line",
            "fillOpacity": 10,
            "gradientMode": "none",
            "hideFrom": {
              "legend": false,
              "tooltip": false,
              "viz": false
            },
            "insertNulls": false,
            "lineInterpolation": "linear",
            "lineWidth": 1,
            "pointSize": 5,
            "scaleDistribution": {
              "type": "linear"
            },
            "showPoints": "never",
            "spanNulls": false,
            "stacking": {
              "group": "A",
              "mode": "none"
            },
            "thresholdsStyle": {
              "mode": "off"
            }
          },
          "links": [],
          "mappings": [
            {
              "options": {
                "NaN": {
                  "index": 0
                }
              },
              "type": "value"
            }
          ],
          "thresholds": {
            "mode": "absolute",
            "steps": [
              {
                "color": "green"
              },
              {
                "color": "red",
                "value": 80
              }
            ]
          },
          "unit": "ms"
        },
        "overrides": []
      },
      "gridPos": {
        "h": 9,
        "w": 8,
        "x": 8,
        "y": 87
      },
      "id": 42,
      "options": {
        "legend": {
          "calcs": [
            "max",
            "lastNotNull"
          ],
          "displayMode": "table",
          "placement": "bottom",
          "showLegend": true,
          "sortBy": "Max",
          "sortDesc": false,
          "width": 0
        },
        "tooltip": {
          "mode": "multi",
          "sort": "none"
        }
      },
      "pluginVersion": "9.5.2",
      "targets": [
        {
          "datasource": {
            "type": "prometheus",
            "uid": "prometheus_uid"
          },
          "editorMode": "code",
          "expr": "com_hazelcast_Metrics_totalPutLatency{instance=~\".*HC.*\", tag0='$map'} / ignoring(unit) com_hazelcast_Metrics_putCount{instance=~\".*HC.*\", tag0='$map'}",
          "interval": "",
          "legendFormat": "{{instance}} - {{tag0}}",
          "range": true,
          "refId": "B"
        }
      ],
      "title": "Average put times",
      "type": "timeseries"
    },
    {
      "datasource": {
        "default": true,
        "type": "prometheus",
        "uid": "prometheus_uid"
      },
      "fieldConfig": {
        "defaults": {
          "color": {
            "mode": "palette-classic"
          },
          "custom": {
            "axisBorderShow": false,
            "axisCenteredZero": false,
            "axisColorMode": "text",
            "axisLabel": "",
            "axisPlacement": "auto",
            "barAlignment": 0,
            "barWidthFactor": 0.6,
            "drawStyle": "line",
            "fillOpacity": 10,
            "gradientMode": "none",
            "hideFrom": {
              "legend": false,
              "tooltip": false,
              "viz": false
            },
            "insertNulls": false,
            "lineInterpolation": "linear",
            "lineWidth": 1,
            "pointSize": 5,
            "scaleDistribution": {
              "type": "linear"
            },
            "showPoints": "never",
            "spanNulls": false,
            "stacking": {
              "group": "A",
              "mode": "none"
            },
            "thresholdsStyle": {
              "mode": "off"
            }
          },
          "links": [],
          "mappings": [
            {
              "options": {
                "NaN": {
                  "index": 0
                }
              },
              "type": "value"
            }
          ],
          "thresholds": {
            "mode": "absolute",
            "steps": [
              {
                "color": "green"
              },
              {
                "color": "red",
                "value": 80
              }
            ]
          },
          "unit": "ms"
        },
        "overrides": []
      },
      "gridPos": {
        "h": 9,
        "w": 8,
        "x": 16,
        "y": 87
      },
      "id": 43,
      "options": {
        "legend": {
          "calcs": [
            "max",
            "lastNotNull"
          ],
          "displayMode": "table",
          "placement": "bottom",
          "showLegend": true,
          "sortBy": "Max",
          "sortDesc": false,
          "width": 0
        },
        "tooltip": {
          "mode": "multi",
          "sort": "none"
        }
      },
      "pluginVersion": "9.5.2",
      "targets": [
        {
          "datasource": {
            "type": "prometheus",
            "uid": "prometheus_uid"
          },
          "editorMode": "code",
          "expr": "com_hazelcast_Metrics_totalRemoveLatency{instance=~\".*HC.*\", tag0='$map'} / ignoring(unit) com_hazelcast_Metrics_removeCount{instance=~\".*HC.*\", tag0='$map'}",
          "interval": "",
          "legendFormat": "{{instance}} - {{tag0}}",
          "range": true,
          "refId": "C"
        }
      ],
      "title": "Average remove times",
      "type": "timeseries"
    },
    {
      "collapsed": false,
      "datasource": {
        "type": "prometheus",
        "uid": "prometheus_uid"
      },
      "gridPos": {
        "h": 1,
        "w": 24,
        "x": 0,
        "y": 96
      },
      "id": 14,
      "panels": [],
      "targets": [
        {
          "datasource": {
            "type": "prometheus",
            "uid": "prometheus_uid"
          },
          "refId": "A"
        }
      ],
      "title": "Caches",
      "type": "row"
    },
    {
      "datasource": {
        "default": true,
        "type": "prometheus",
        "uid": "prometheus_uid"
      },
      "fieldConfig": {
        "defaults": {
          "color": {
            "mode": "palette-classic"
          },
          "custom": {
            "axisBorderShow": false,
            "axisCenteredZero": false,
            "axisColorMode": "text",
            "axisLabel": "",
            "axisPlacement": "auto",
            "barAlignment": 0,
            "barWidthFactor": 0.6,
            "drawStyle": "line",
            "fillOpacity": 10,
            "gradientMode": "none",
            "hideFrom": {
              "legend": false,
              "tooltip": false,
              "viz": false
            },
            "insertNulls": false,
            "lineInterpolation": "smooth",
            "lineWidth": 1,
            "pointSize": 5,
            "scaleDistribution": {
              "type": "linear"
            },
            "showPoints": "never",
            "spanNulls": false,
            "stacking": {
              "group": "A",
              "mode": "none"
            },
            "thresholdsStyle": {
              "mode": "off"
            }
          },
          "links": [],
          "mappings": [],
          "thresholds": {
            "mode": "absolute",
            "steps": [
              {
                "color": "green"
              },
              {
                "color": "red",
                "value": 80
              }
            ]
          },
          "unit": "short"
        },
        "overrides": [
          {
            "__systemRef": "hideSeriesFrom",
            "matcher": {
              "id": "byNames",
              "options": {
                "mode": "exclude",
                "names": [
                  "hazelcast[DevOps-HC1] - \"name=customer1/CpeParameterMaskIdToInstancesToId\""
                ],
                "prefix": "All except:",
                "readOnly": true
              }
            },
            "properties": [
              {
                "id": "custom.hideFrom",
                "value": {
                  "legend": false,
                  "tooltip": false,
                  "viz": true
                }
              }
            ]
          }
        ]
      },
      "gridPos": {
        "h": 15,
        "w": 24,
        "x": 0,
        "y": 97
      },
      "id": 2,
      "options": {
        "legend": {
          "calcs": [
            "max",
            "lastNotNull"
          ],
          "displayMode": "table",
          "placement": "right",
          "showLegend": true,
          "sortBy": "Max",
          "sortDesc": true
        },
        "tooltip": {
          "mode": "multi",
          "sort": "desc"
        }
      },
      "pluginVersion": "9.5.2",
      "targets": [
        {
          "datasource": {
            "type": "prometheus",
            "uid": "prometheus_uid"
          },
          "editorMode": "code",
          "expr": "com_hazelcast_Metrics_hits{instance=~\".*HC.*\"}",
          "interval": "",
          "legendFormat": "{{instance}} - {{tag0}}",
          "range": true,
          "refId": "B"
        }
      ],
      "title": "Cache Hit",
      "type": "timeseries"
    }
  ],
  "refresh": "5s",
  "schemaVersion": 39,
  "tags": [],
  "templating": {
    "list": [
      {
        "allValue": "All",
        "current": {
          "selected": true,
          "text": [
            "hazelcast[DevOps-HC2]"
          ],
          "value": [
            "hazelcast[DevOps-HC2]"
          ]
        },
        "datasource": {
          "type": "prometheus",
          "uid": "prometheus_uid"
        },
        "definition": "label_values(com_hazelcast_Metrics_systemLoadAverage{prefix=\"os\"},instance)",
        "hide": 0,
        "includeAll": false,
        "multi": false,
        "name": "instance",
        "options": [],
        "query": {
          "qryType": 1,
          "query": "label_values(com_hazelcast_Metrics_systemLoadAverage{prefix=\"os\"},instance)",
          "refId": "PrometheusVariableQueryEditor-VariableQuery"
        },
        "refresh": 1,
        "regex": "/.*HC.*/",
        "skipUrlSync": false,
        "sort": 0,
        "type": "query"
      },
      {
        "allValue": "",
        "current": {
          "selected": false,
          "text": "\"name=customer1/CPELogMessageNameIdObjCache\"",
          "value": "\"name=customer1/CPELogMessageNameIdObjCache\""
        },
        "datasource": {
          "type": "prometheus",
          "uid": "prometheus_uid"
        },
        "definition": "label_values(com_hazelcast_Metrics_ownedEntryCount{instance=\"$instance\"},tag0)",
        "hide": 0,
        "includeAll": false,
        "multi": false,
        "name": "map",
        "options": [],
        "query": {
          "qryType": 1,
          "query": "label_values(com_hazelcast_Metrics_ownedEntryCount{instance=\"$instance\"},tag0)",
          "refId": "PrometheusVariableQueryEditor-VariableQuery"
        },
        "refresh": 1,
        "regex": "",
        "skipUrlSync": false,
        "sort": 0,
        "type": "query"
      }
    ]
  },
  "time": {
    "from": "now-1h",
    "to": "now"
  },
  "timepicker": {
    "refresh_intervals": [
      "5s",
      "30s",
      "1m",
      "5m"
    ]
  },
  "timezone": "",
  "title": "Hazelcast  Overview",
  "uid": "GiokMJ5Mz",
  "version": 27,
  "weekStart": ""
}