{
  "annotations": {
    "list": [
      {
        "builtIn": 1,
        "datasource": {
          "type": "grafana",
          "uid": "-- Grafana --"
        },
        "enable": true,
        "hide": true,
        "iconColor": "rgba(0, 211, 255, 1)",
        "name": "Annotations & Alerts",
        "type": "dashboard"
      }
    ]
  },
  "editable": true,
  "fiscalYearStartMonth": 0,
  "graphTooltip": 0,
  "id": 7,
  "links": [],
  "panels": [
    {
      "datasource": {
        "default": false,
        "type": "prometheus",
        "uid": "${datasource}"
      },
      "fieldConfig": {
        "defaults": {
          "color": {
            "mode": "thresholds"
          },
          "custom": {
            "align": "auto",
            "cellOptions": {
              "type": "auto"
            },
            "filterable": true,
            "inspect": false
          },
          "displayName": "Name",
          "mappings": [],
          "thresholds": {
            "mode": "absolute",
            "steps": [
              {
                "color": "green",
                "value": null
              },
              {
                "color": "red",
                "value": 80
              }
            ]
          }
        },
        "overrides": [
          {
            "matcher": {
              "id": "byName",
              "options": "Uptime"
            },
            "properties": [
              {
                "id": "unit",
                "value": "s"
              }
            ]
          },
          {
            "matcher": {
              "id": "byName",
              "options": "CPU Frequency"
            },
            "properties": [
              {
                "id": "unit",
                "value": "rothz"
              }
            ]
          },
          {
            "matcher": {
              "id": "byName",
              "options": "RAM Total"
            },
            "properties": [
              {
                "id": "unit",
                "value": "decbytes"
              }
            ]
          }
        ]
      },
      "gridPos": {
        "h": 11,
        "w": 18,
        "x": 0,
        "y": 0
      },
      "id": 11,
      "options": {
        "cellHeight": "sm",
        "footer": {
          "countRows": false,
          "enablePagination": false,
          "fields": "",
          "reducer": [
            "sum"
          ],
          "show": false
        },
        "showHeader": true
      },
      "pluginVersion": "11.5.2",
      "targets": [
        {
          "datasource": {
            "type": "prometheus",
            "uid": "${datasource}"
          },
          "editorMode": "code",
          "exemplar": false,
          "expr": "node_time_seconds{instance=~\"$instance\", job=\"$job\"} - node_boot_time_seconds{instance=~\"$instance\"}",
          "format": "table",
          "hide": false,
          "instant": true,
          "legendFormat": "Uptime",
          "range": false,
          "refId": "Uptime"
        },
        {
          "datasource": {
            "type": "prometheus",
            "uid": "${datasource}"
          },
          "editorMode": "code",
          "exemplar": false,
          "expr": "count(count(node_cpu_seconds_total{instance=~\"$instance\"}) by (instance, cpu)) by (instance)",
          "format": "table",
          "hide": false,
          "instant": true,
          "legendFormat": "CPU Cores",
          "range": false,
          "refId": "C"
        },
        {
          "datasource": {
            "type": "prometheus",
            "uid": "${datasource}"
          },
          "editorMode": "code",
          "exemplar": false,
          "expr": "avg(node_cpu_scaling_frequency_max_hertz{instance=~\"$instance\"}) by (instance)\n",
          "format": "table",
          "hide": false,
          "instant": true,
          "legendFormat": "CPU Frequency",
          "range": false,
          "refId": "D"
        },
        {
          "datasource": {
            "type": "prometheus",
            "uid": "${datasource}"
          },
          "editorMode": "code",
          "exemplar": false,
          "expr": "node_memory_MemTotal_bytes{instance=~\"$instance\"}\n# node_memory_MemTotal_bytes{instance=~\"DevOps-ACS1\"}",
          "format": "table",
          "hide": false,
          "instant": true,
          "legendFormat": "RAM Total",
          "range": false,
          "refId": "E"
        },
        {
          "datasource": {
            "type": "prometheus",
            "uid": "${datasource}"
          },
          "editorMode": "code",
          "exemplar": false,
          "expr": "# undertow_session_alivetime_avg_seconds{context=\"/\",instance=~\"$instance\"}\n# undertow_session_alivetime_avg_seconds{instance=~\"DevOps-ACS1\",context=\"/\"}\navg(undertow_session_alivetime_avg_seconds{instance=~\"$instance\"}) by (instance)\n",
          "format": "table",
          "hide": true,
          "instant": true,
          "legendFormat": "HTTP Sessions",
          "range": false,
          "refId": "F"
        }
      ],
      "title": "Servers list",
      "transformations": [
        {
          "id": "merge",
          "options": {}
        },
        {
          "id": "organize",
          "options": {
            "excludeByName": {
              "Time": true,
              "__name__": true,
              "context": true,
              "deployment": true,
              "job": true,
              "listener": true,
              "server": true
            },
            "includeByName": {},
            "indexByName": {
              "Time": 0,
              "Value #C": 5,
              "Value #D": 6,
              "Value #E": 8,
              "Value #F": 11,
              "Value #Uptime": 4,
              "__name__": 7,
              "context": 9,
              "deployment": 10,
              "instance": 1,
              "job": 2,
              "node_ip": 3
            },
            "renameByName": {
              "Value": "Uptime",
              "Value #C": "CPU Core",
              "Value #D": "CPU Frequency",
              "Value #E": "RAM Total",
              "Value #F": "HTTP Sessions T(avg)",
              "Value #Uptime": "Uptime",
              "instance": "Name",
              "job": "",
              "node_ip": "IP Address"
            }
          }
        }
      ],
      "type": "table"
    },
    {
      "fieldConfig": {
        "defaults": {},
        "overrides": []
      },
      "gridPos": {
        "h": 11,
        "w": 6,
        "x": 18,
        "y": 0
      },
      "id": 121,
      "options": {
        "alertInstanceLabelFilter": "",
        "alertName": "",
        "dashboardAlerts": false,
        "datasource": "-- Grafana --",
        "groupBy": [],
        "groupMode": "default",
        "maxItems": 20,
        "showInactiveAlerts": false,
        "sortOrder": 1,
        "stateFilter": {
          "error": true,
          "firing": true,
          "noData": true,
          "normal": true,
          "pending": true
        },
        "viewMode": "list"
      },
      "pluginVersion": "11.5.2",
      "title": "Alerts",
      "type": "alertlist"
    },
    {
      "datasource": {
        "default": true,
        "type": "prometheus",
        "uid": "prometheus_uid"
      },
      "description": "",
      "fieldConfig": {
        "defaults": {
          "color": {
            "mode": "thresholds"
          },
          "mappings": [
            {
              "options": {
                "0": {
                  "index": 1,
                  "text": "Passive"
                },
                "1": {
                  "index": 0,
                  "text": "Active"
                }
              },
              "type": "value"
            }
          ],
          "thresholds": {
            "mode": "absolute",
            "steps": [
              {
                "color": "green",
                "value": null
              },
              {
                "color": "#f44336",
                "value": 0
              },
              {
                "color": "#2b6eac",
                "value": 1
              }
            ]
          }
        },
        "overrides": []
      },
      "gridPos": {
        "h": 4,
        "w": 6,
        "x": 0,
        "y": 11
      },
      "id": 103,
      "options": {
        "colorMode": "value",
        "graphMode": "none",
        "justifyMode": "auto",
        "orientation": "auto",
        "percentChangeColorMode": "standard",
        "reduceOptions": {
          "calcs": [
            "lastNotNull"
          ],
          "fields": "",
          "values": false
        },
        "showPercentChange": false,
        "text": {
          "valueSize": 48
        },
        "textMode": "auto",
        "wideLayout": true
      },
      "pluginVersion": "11.5.2",
      "targets": [
        {
          "datasource": {
            "type": "prometheus",
            "uid": "prometheus_uid"
          },
          "editorMode": "code",
          "expr": "com_hazelcast_nostalgic_satoshi_isClusterSafe",
          "instant": false,
          "legendFormat": "{{type}}",
          "range": true,
          "refId": "A"
        }
      ],
      "title": "Cluster state",
      "type": "stat"
    },
    {
      "datasource": {
        "default": true,
        "type": "prometheus",
        "uid": "prometheus_uid"
      },
      "description": "Tasks waiting migrations",
      "fieldConfig": {
        "defaults": {
          "mappings": [],
          "thresholds": {
            "mode": "absolute",
            "steps": [
              {
                "color": "#2b6eac",
                "value": null
              },
              {
                "color": "#f44336",
                "value": 80
              }
            ]
          },
          "unit": "short"
        },
        "overrides": []
      },
      "gridPos": {
        "h": 4,
        "w": 6,
        "x": 6,
        "y": 11
      },
      "id": 86,
      "options": {
        "colorMode": "value",
        "graphMode": "none",
        "justifyMode": "auto",
        "orientation": "auto",
        "percentChangeColorMode": "standard",
        "reduceOptions": {
          "calcs": [
            "lastNotNull"
          ],
          "fields": "",
          "values": false
        },
        "showPercentChange": false,
        "text": {
          "valueSize": 48
        },
        "textMode": "auto",
        "wideLayout": true
      },
      "pluginVersion": "11.5.2",
      "targets": [
        {
          "datasource": {
            "type": "prometheus",
            "uid": "prometheus_uid"
          },
          "editorMode": "code",
          "expr": "sum(com_hazelcast_Metrics_migrationQueueSize)",
          "instant": false,
          "legendFormat": "{{instance}}",
          "range": true,
          "refId": "A"
        }
      ],
      "title": "Cluster health",
      "type": "stat"
    },
    {
      "datasource": {
        "default": true,
        "type": "prometheus",
        "uid": "prometheus_uid"
      },
      "description": "Number of members",
      "fieldConfig": {
        "defaults": {
          "mappings": [],
          "thresholds": {
            "mode": "absolute",
            "steps": [
              {
                "color": "#2b6eac",
                "value": null
              },
              {
                "color": "#f44336",
                "value": 80
              }
            ]
          },
          "unit": "none"
        },
        "overrides": []
      },
      "gridPos": {
        "h": 4,
        "w": 6,
        "x": 12,
        "y": 11
      },
      "id": 85,
      "options": {
        "colorMode": "value",
        "graphMode": "none",
        "justifyMode": "center",
        "orientation": "auto",
        "percentChangeColorMode": "standard",
        "reduceOptions": {
          "calcs": [
            "lastNotNull"
          ],
          "fields": "",
          "values": false
        },
        "showPercentChange": false,
        "text": {
          "valueSize": 48
        },
        "textMode": "value",
        "wideLayout": false
      },
      "pluginVersion": "11.5.2",
      "targets": [
        {
          "datasource": {
            "type": "prometheus",
            "uid": "prometheus_uid"
          },
          "editorMode": "code",
          "expr": "count(com_hazelcast_Metrics_nodes{})",
          "instant": false,
          "legendFormat": "{{exported_instance}}",
          "range": true,
          "refId": "A"
        }
      ],
      "title": "Сluster size",
      "type": "stat"
    },
    {
      "datasource": {
        "default": true,
        "type": "prometheus",
        "uid": "prometheus_uid"
      },
      "fieldConfig": {
        "defaults": {
          "mappings": [
            {
              "options": {
                "0": {
                  "index": 1,
                  "text": "Donw"
                },
                "1": {
                  "index": 0,
                  "text": "Up"
                }
              },
              "type": "value"
            }
          ],
          "thresholds": {
            "mode": "absolute",
            "steps": [
              {
                "color": "#2b6eac",
                "value": null
              },
              {
                "color": "#f44336",
                "value": 80
              }
            ]
          },
          "unit": "short"
        },
        "overrides": []
      },
      "gridPos": {
        "h": 4,
        "w": 6,
        "x": 18,
        "y": 11
      },
      "id": 120,
      "options": {
        "colorMode": "value",
        "graphMode": "none",
        "justifyMode": "center",
        "orientation": "auto",
        "percentChangeColorMode": "standard",
        "reduceOptions": {
          "calcs": [
            "lastNotNull"
          ],
          "fields": "",
          "values": false
        },
        "showPercentChange": false,
        "text": {
          "valueSize": 51
        },
        "textMode": "auto",
        "wideLayout": true
      },
      "pluginVersion": "11.5.2",
      "targets": [
        {
          "datasource": {
            "type": "prometheus",
            "uid": "prometheus_uid"
          },
          "editorMode": "code",
          "exemplar": false,
          "expr": "hazelcast_instance_status",
          "instant": false,
          "legendFormat": "{{name}}",
          "range": true,
          "refId": "A"
        }
      ],
      "title": "Node state ",
      "type": "stat"
    },
    {
      "datasource": {
        "default": false,
        "type": "prometheus",
        "uid": "${datasource}"
      },
      "description": "Service indicates the total time the service has been running\n ",
      "fieldConfig": {
        "defaults": {
          "color": {
            "mode": "thresholds"
          },
          "fieldMinMax": false,
          "mappings": [],
          "thresholds": {
            "mode": "absolute",
            "steps": [
              {
                "color": "#f44336",
                "value": null
              },
              {
                "color": "#ff9800",
                "value": 1
              },
              {
                "color": "#2b6eac",
                "value": 3
              }
            ]
          },
          "unit": "s"
        },
        "overrides": []
      },
      "gridPos": {
        "h": 7,
        "w": 6,
        "x": 0,
        "y": 15
      },
      "id": 1,
      "maxPerRow": 6,
      "options": {
        "colorMode": "value",
        "graphMode": "none",
        "justifyMode": "center",
        "orientation": "vertical",
        "percentChangeColorMode": "standard",
        "reduceOptions": {
          "calcs": [
            "lastNotNull"
          ],
          "fields": "",
          "values": false
        },
        "showPercentChange": false,
        "text": {
          "valueSize": 48
        },
        "textMode": "auto",
        "wideLayout": true
      },
      "pluginVersion": "11.5.2",
      "repeat": "instance",
      "repeatDirection": "v",
      "targets": [
        {
          "datasource": {
            "type": "prometheus",
            "uid": "${datasource}"
          },
          "editorMode": "code",
          "expr": "time() - namedprocess_namegroup_oldest_start_time_seconds{instance=\"$instance\",groupname=~\"java|mysqld\"}\n",
          "instant": false,
          "legendFormat": "__auto",
          "range": true,
          "refId": "A"
        }
      ],
      "title": "Service: $instance",
      "type": "stat"
    },
    {
      "datasource": {
        "default": false,
        "type": "prometheus",
        "uid": "${datasource}"
      },
      "description": "System load  over all CPU cores together",
      "fieldConfig": {
        "defaults": {
          "color": {
            "mode": "thresholds"
          },
          "decimals": 1,
          "mappings": [
            {
              "options": {
                "match": "null",
                "result": {
                  "text": "N/A"
                }
              },
              "type": "special"
            }
          ],
          "max": 100,
          "min": 0,
          "thresholds": {
            "mode": "absolute",
            "steps": [
              {
                "color": "#2b6eac",
                "value": null
              },
              {
                "color": "#f44336",
                "value": 80
              }
            ]
          },
          "unit": "percent"
        },
        "overrides": []
      },
      "gridPos": {
        "h": 7,
        "w": 6,
        "x": 6,
        "y": 15
      },
      "id": 16,
      "maxPerRow": 2,
      "options": {
        "minVizHeight": 75,
        "minVizWidth": 75,
        "orientation": "auto",
        "reduceOptions": {
          "calcs": [
            "lastNotNull"
          ],
          "fields": "",
          "values": false
        },
        "showThresholdLabels": false,
        "showThresholdMarkers": true,
        "sizing": "auto",
        "text": {
          "valueSize": 48
        }
      },
      "pluginVersion": "11.5.2",
      "repeat": "instance",
      "repeatDirection": "v",
      "targets": [
        {
          "datasource": {
            "type": "prometheus",
            "uid": "${datasource}"
          },
          "editorMode": "code",
          "exemplar": false,
          "expr": "scalar(node_load5{instance=\"$instance\",job=\"$job\"}) * 100 / count(count(node_cpu_seconds_total{instance=\"$instance\",job=\"$job\"}) by (cpu))",
          "format": "time_series",
          "hide": false,
          "instant": true,
          "intervalFactor": 1,
          "range": false,
          "refId": "A",
          "step": 240
        }
      ],
      "title": "CPU (%): $instance",
      "type": "gauge"
    },
    {
      "datasource": {
        "default": false,
        "type": "prometheus",
        "uid": "${datasource}"
      },
      "description": "RAM shows the amount of memory currently being used by the system\n ",
      "fieldConfig": {
        "defaults": {
          "color": {
            "mode": "thresholds"
          },
          "decimals": 1,
          "mappings": [],
          "max": 100,
          "min": 0,
          "thresholds": {
            "mode": "absolute",
            "steps": [
              {
                "color": "#2b6eac",
                "value": null
              },
              {
                "color": "#f44336",
                "value": 90
              }
            ]
          },
          "unit": "percent"
        },
        "overrides": []
      },
      "gridPos": {
        "h": 7,
        "w": 6,
        "x": 12,
        "y": 15
      },
      "id": 25,
      "maxPerRow": 6,
      "options": {
        "displayMode": "gradient",
        "legend": {
          "calcs": [],
          "displayMode": "list",
          "placement": "bottom",
          "showLegend": false
        },
        "maxVizHeight": 300,
        "minVizHeight": 16,
        "minVizWidth": 8,
        "namePlacement": "auto",
        "orientation": "auto",
        "reduceOptions": {
          "calcs": [
            "lastNotNull"
          ],
          "fields": "",
          "values": false
        },
        "showUnfilled": true,
        "sizing": "auto",
        "text": {
          "valueSize": 48
        },
        "valueMode": "color"
      },
      "pluginVersion": "11.5.2",
      "repeat": "instance",
      "repeatDirection": "v",
      "targets": [
        {
          "datasource": {
            "type": "prometheus",
            "uid": "${datasource}"
          },
          "editorMode": "code",
          "exemplar": false,
          "expr": "((node_memory_MemTotal_bytes{instance=\"$instance\", job=\"$job\"} - node_memory_MemFree_bytes{instance=\"$instance\", job=\"$job\"}) / node_memory_MemTotal_bytes{instance=\"$instance\", job=\"$job\"}) * 100",
          "format": "time_series",
          "hide": true,
          "instant": true,
          "intervalFactor": 1,
          "range": false,
          "refId": "A",
          "step": 240
        },
        {
          "datasource": {
            "type": "prometheus",
            "uid": "${datasource}"
          },
          "editorMode": "code",
          "exemplar": false,
          "expr": "(1 - (node_memory_MemAvailable_bytes{instance=\"$instance\", job=\"$job\"} / node_memory_MemTotal_bytes{instance=\"$instance\", job=\"$job\"})) * 100",
          "format": "time_series",
          "hide": false,
          "instant": true,
          "intervalFactor": 1,
          "range": false,
          "refId": "B",
          "step": 240
        }
      ],
      "title": "RAM (%): $instance",
      "type": "bargauge"
    },
    {
      "datasource": {
        "default": false,
        "type": "prometheus",
        "uid": "${datasource}"
      },
      "description": "Disk space shows the amount of storage currently occupied\n ",
      "fieldConfig": {
        "defaults": {
          "color": {
            "mode": "thresholds"
          },
          "custom": {
            "axisBorderShow": false,
            "axisCenteredZero": false,
            "axisColorMode": "text",
            "axisLabel": "",
            "axisPlacement": "auto",
            "fillOpacity": 80,
            "gradientMode": "none",
            "hideFrom": {
              "legend": false,
              "tooltip": false,
              "viz": false
            },
            "lineWidth": 1,
            "scaleDistribution": {
              "type": "linear"
            },
            "thresholdsStyle": {
              "mode": "off"
            }
          },
          "decimals": 1,
          "mappings": [],
          "max": 100,
          "thresholds": {
            "mode": "absolute",
            "steps": [
              {
                "color": "#2b6eac",
                "value": null
              },
              {
                "color": "#f44336",
                "value": 90
              }
            ]
          },
          "unit": "percent"
        },
        "overrides": []
      },
      "gridPos": {
        "h": 7,
        "w": 6,
        "x": 18,
        "y": 15
      },
      "id": 67,
      "maxPerRow": 6,
      "options": {
        "barRadius": 0,
        "barWidth": 0.97,
        "fullHighlight": false,
        "groupWidth": 0.7,
        "legend": {
          "calcs": [],
          "displayMode": "list",
          "placement": "bottom",
          "showLegend": false
        },
        "orientation": "horizontal",
        "showValue": "auto",
        "stacking": "none",
        "text": {
          "valueSize": 48
        },
        "tooltip": {
          "hideZeros": false,
          "mode": "single",
          "sort": "none"
        },
        "xField": "Time",
        "xTickLabelRotation": 0,
        "xTickLabelSpacing": 0
      },
      "pluginVersion": "11.5.2",
      "repeat": "instance",
      "repeatDirection": "v",
      "targets": [
        {
          "datasource": {
            "type": "prometheus",
            "uid": "prometheus_uid"
          },
          "editorMode": "code",
          "exemplar": false,
          "expr": "100 - (\n  (node_filesystem_avail_bytes{instance=~\".*$instance.*\", mountpoint=\"/\", fstype!~\"/boot|rootfs|/run.*\"} * 100) \n  / node_filesystem_size_bytes{instance=~\".*$instance.*\", mountpoint=\"/\", fstype!~\"/boot|rootfs|/run.*\"}\n)\n",
          "instant": true,
          "legendFormat": "{{device}}",
          "range": false,
          "refId": "A"
        }
      ],
      "title": "Disc space (%): $instance",
      "type": "barchart"
    },
    {
      "datasource": {
        "default": true,
        "type": "prometheus",
        "uid": "prometheus_uid"
      },
      "description": "Total number of connections in this pool",
      "fieldConfig": {
        "defaults": {
          "color": {
            "mode": "palette-classic"
          },
          "custom": {
            "axisBorderShow": false,
            "axisCenteredZero": false,
            "axisColorMode": "text",
            "axisLabel": "",
            "axisPlacement": "auto",
            "barAlignment": 0,
            "barWidthFactor": 0.6,
            "drawStyle": "line",
            "fillOpacity": 59,
            "gradientMode": "opacity",
            "hideFrom": {
              "legend": false,
              "tooltip": false,
              "viz": false
            },
            "insertNulls": false,
            "lineInterpolation": "smooth",
            "lineWidth": 1,
            "pointSize": 5,
            "scaleDistribution": {
              "type": "linear"
            },
            "showPoints": "never",
            "spanNulls": false,
            "stacking": {
              "group": "A",
              "mode": "none"
            },
            "thresholdsStyle": {
              "mode": "off"
            }
          },
          "fieldMinMax": false,
          "mappings": [],
          "thresholds": {
            "mode": "absolute",
            "steps": [
              {
                "color": "green",
                "value": null
              }
            ]
          },
          "unit": "short"
        },
        "overrides": []
      },
      "gridPos": {
        "h": 7,
        "w": 24,
        "x": 0,
        "y": 50
      },
      "id": 84,
      "options": {
        "legend": {
          "calcs": [
            "mean",
            "lastNotNull",
            "max"
          ],
          "displayMode": "table",
          "placement": "right",
          "showLegend": true,
          "sortBy": "Last *",
          "sortDesc": true,
          "width": 500
        },
        "tooltip": {
          "hideZeros": false,
          "mode": "single",
          "sort": "none"
        }
      },
      "pluginVersion": "11.5.2",
      "targets": [
        {
          "datasource": {
            "type": "prometheus",
            "uid": "prometheus_uid"
          },
          "editorMode": "code",
          "expr": "hikaricp_active_connections{instance=~\"$instance\"}",
          "legendFormat": "Active connections {{instance}} {{pool}}",
          "range": true,
          "refId": "A"
        },
        {
          "datasource": {
            "type": "prometheus",
            "uid": "prometheus_uid"
          },
          "editorMode": "code",
          "expr": "hikaricp_threads_awaiting_connection{instance=~\"$instance\"}",
          "legendFormat": "Pending threads {{instance}} {{pool}}",
          "range": true,
          "refId": "B"
        },
        {
          "datasource": {
            "type": "prometheus",
            "uid": "prometheus_uid"
          },
          "editorMode": "code",
          "expr": "hikaricp_total_connections{instance=~\"$instance\"}",
          "hide": false,
          "instant": false,
          "legendFormat": "Total connections {{ instance }} {{pool}}",
          "range": true,
          "refId": "C"
        }
      ],
      "title": "ACS Hikari pools",
      "type": "timeseries"
    },
    {
      "datasource": {
        "default": true,
        "type": "prometheus",
        "uid": "prometheus_uid"
      },
      "description": "Number of concurrent active sessions",
      "fieldConfig": {
        "defaults": {
          "color": {
            "mode": "palette-classic"
          },
          "custom": {
            "axisBorderShow": false,
            "axisCenteredZero": false,
            "axisColorMode": "text",
            "axisLabel": "",
            "axisPlacement": "auto",
            "barAlignment": 0,
            "barWidthFactor": 0.6,
            "drawStyle": "line",
            "fillOpacity": 10,
            "gradientMode": "none",
            "hideFrom": {
              "legend": false,
              "tooltip": false,
              "viz": false
            },
            "insertNulls": false,
            "lineInterpolation": "linear",
            "lineWidth": 1,
            "pointSize": 5,
            "scaleDistribution": {
              "type": "linear"
            },
            "showPoints": "never",
            "spanNulls": false,
            "stacking": {
              "group": "A",
              "mode": "none"
            },
            "thresholdsStyle": {
              "mode": "off"
            }
          },
          "mappings": [],
          "thresholds": {
            "mode": "absolute",
            "steps": [
              {
                "color": "green",
                "value": null
              },
              {
                "color": "red",
                "value": 80
              }
            ]
          },
          "unit": "short"
        },
        "overrides": []
      },
      "gridPos": {
        "h": 7,
        "w": 24,
        "x": 0,
        "y": 57
      },
      "id": 38,
      "options": {
        "legend": {
          "calcs": [
            "mean",
            "lastNotNull",
            "max"
          ],
          "displayMode": "table",
          "placement": "right",
          "showLegend": true,
          "width": 500
        },
        "tooltip": {
          "hideZeros": false,
          "mode": "multi",
          "sort": "none"
        }
      },
      "pluginVersion": "11.5.2",
      "targets": [
        {
          "datasource": {
            "type": "prometheus",
            "uid": "prometheus_uid"
          },
          "editorMode": "code",
          "expr": "sum(undertow_session_active_total{deployment!=\"metrics.war\"}) by (instance)",
          "legendFormat": "HTTP - ActiveSession: {{instance}}",
          "range": true,
          "refId": "A"
        },
        {
          "datasource": {
            "type": "prometheus",
            "uid": "prometheus_uid"
          },
          "editorMode": "code",
          "expr": "node_netstat_Tcp_CurrEstab{instance=~\".*ACS.*\"}",
          "hide": false,
          "instant": false,
          "legendFormat": "Statistic TcpCurrEstab: {{instance}}",
          "range": true,
          "refId": "B"
        },
        {
          "datasource": {
            "type": "prometheus",
            "uid": "prometheus_uid"
          },
          "editorMode": "code",
          "expr": "deriv(node_netstat_Tcp_ActiveOpens{instance=~\".*ACS.*\"}[5m]) \n# rate(node_netstat_Tcp_ActiveOpens{instance=~\".*ACS.*\"}[10m])",
          "hide": false,
          "instant": false,
          "legendFormat": "Statistic TcpActiveOpens 1m: {{instance}}",
          "range": true,
          "refId": "C"
        }
      ],
      "title": "Http sessions vs TCP established",
      "type": "timeseries"
    },
    {
      "datasource": {
        "default": true,
        "type": "prometheus",
        "uid": "prometheus_uid"
      },
      "description": "UDP sessions",
      "fieldConfig": {
        "defaults": {
          "color": {
            "mode": "palette-classic"
          },
          "custom": {
            "axisBorderShow": false,
            "axisCenteredZero": false,
            "axisColorMode": "text",
            "axisLabel": "",
            "axisPlacement": "auto",
            "barAlignment": 0,
            "barWidthFactor": 0.6,
            "drawStyle": "line",
            "fillOpacity": 10,
            "gradientMode": "none",
            "hideFrom": {
              "legend": false,
              "tooltip": false,
              "viz": false
            },
            "insertNulls": false,
            "lineInterpolation": "linear",
            "lineWidth": 1,
            "pointSize": 5,
            "scaleDistribution": {
              "type": "linear"
            },
            "showPoints": "never",
            "spanNulls": false,
            "stacking": {
              "group": "A",
              "mode": "none"
            },
            "thresholdsStyle": {
              "mode": "off"
            }
          },
          "mappings": [],
          "thresholds": {
            "mode": "absolute",
            "steps": [
              {
                "color": "green",
                "value": null
              },
              {
                "color": "red",
                "value": 80
              }
            ]
          },
          "unit": "short"
        },
        "overrides": []
      },
      "gridPos": {
        "h": 7,
        "w": 24,
        "x": 0,
        "y": 64
      },
      "id": 39,
      "options": {
        "legend": {
          "calcs": [
            "mean",
            "lastNotNull",
            "max"
          ],
          "displayMode": "table",
          "placement": "right",
          "showLegend": true,
          "width": 500
        },
        "tooltip": {
          "hideZeros": false,
          "mode": "multi",
          "sort": "none"
        }
      },
      "pluginVersion": "11.5.2",
      "targets": [
        {
          "datasource": {
            "type": "prometheus",
            "uid": "prometheus_uid"
          },
          "editorMode": "code",
          "expr": "deriv(node_netstat_Udp_InDatagrams{instance=~\".*ACS.*\"}[5m])",
          "hide": false,
          "instant": false,
          "legendFormat": "Udp_InDatagrams: {{instance}}",
          "range": true,
          "refId": "B"
        },
        {
          "datasource": {
            "type": "prometheus",
            "uid": "prometheus_uid"
          },
          "editorMode": "code",
          "expr": "deriv(node_netstat_Udp_OutDatagrams{instance=~\".*ACS.*\"}[1m])",
          "hide": false,
          "instant": false,
          "legendFormat": "Udp_OutDatagrams: {{instance}}",
          "range": true,
          "refId": "C"
        },
        {
          "datasource": {
            "type": "prometheus",
            "uid": "prometheus_uid"
          },
          "editorMode": "code",
          "expr": "node_sockstat_UDP_inuse{instance=~\".*ACS.*\"}+node_sockstat_UDP6_inuse{instance=~\".*ACS.*\"}",
          "hide": false,
          "instant": false,
          "legendFormat": "UDP_inuse_sockets: {{instance}}",
          "range": true,
          "refId": "A"
        }
      ],
      "title": "UDP sessions",
      "type": "timeseries"
    },
    {
      "datasource": {
        "default": false,
        "type": "prometheus",
        "uid": "${datasource}"
      },
      "description": "Basic network info per interface",
      "fieldConfig": {
        "defaults": {
          "color": {
            "mode": "palette-classic"
          },
          "custom": {
            "axisBorderShow": false,
            "axisCenteredZero": false,
            "axisColorMode": "text",
            "axisGridShow": true,
            "axisLabel": "",
            "axisPlacement": "auto",
            "barAlignment": 0,
            "barWidthFactor": 0.6,
            "drawStyle": "line",
            "fillOpacity": 40,
            "gradientMode": "none",
            "hideFrom": {
              "legend": false,
              "tooltip": false,
              "viz": false
            },
            "insertNulls": false,
            "lineInterpolation": "linear",
            "lineWidth": 1,
            "pointSize": 5,
            "scaleDistribution": {
              "type": "linear"
            },
            "showPoints": "never",
            "spanNulls": false,
            "stacking": {
              "group": "A",
              "mode": "none"
            },
            "thresholdsStyle": {
              "mode": "off"
            }
          },
          "links": [],
          "mappings": [],
          "thresholds": {
            "mode": "absolute",
            "steps": [
              {
                "color": "green",
                "value": null
              },
              {
                "color": "red",
                "value": 80
              }
            ]
          },
          "unit": "bps"
        },
        "overrides": [
          {
            "matcher": {
              "id": "byName",
              "options": "Recv_bytes_eth2"
            },
            "properties": [
              {
                "id": "color",
                "value": {
                  "fixedColor": "#7EB26D",
                  "mode": "fixed"
                }
              }
            ]
          },
          {
            "matcher": {
              "id": "byName",
              "options": "Recv_bytes_lo"
            },
            "properties": [
              {
                "id": "color",
                "value": {
                  "fixedColor": "#0A50A1",
                  "mode": "fixed"
                }
              }
            ]
          },
          {
            "matcher": {
              "id": "byName",
              "options": "Recv_drop_eth2"
            },
            "properties": [
              {
                "id": "color",
                "value": {
                  "fixedColor": "#6ED0E0",
                  "mode": "fixed"
                }
              }
            ]
          },
          {
            "matcher": {
              "id": "byName",
              "options": "Recv_drop_lo"
            },
            "properties": [
              {
                "id": "color",
                "value": {
                  "fixedColor": "#E0F9D7",
                  "mode": "fixed"
                }
              }
            ]
          },
          {
            "matcher": {
              "id": "byName",
              "options": "Recv_errs_eth2"
            },
            "properties": [
              {
                "id": "color",
                "value": {
                  "fixedColor": "#BF1B00",
                  "mode": "fixed"
                }
              }
            ]
          },
          {
            "matcher": {
              "id": "byName",
              "options": "Recv_errs_lo"
            },
            "properties": [
              {
                "id": "color",
                "value": {
                  "fixedColor": "#CCA300",
                  "mode": "fixed"
                }
              }
            ]
          },
          {
            "matcher": {
              "id": "byName",
              "options": "Trans_bytes_eth2"
            },
            "properties": [
              {
                "id": "color",
                "value": {
                  "fixedColor": "#7EB26D",
                  "mode": "fixed"
                }
              }
            ]
          },
          {
            "matcher": {
              "id": "byName",
              "options": "Trans_bytes_lo"
            },
            "properties": [
              {
                "id": "color",
                "value": {
                  "fixedColor": "#0A50A1",
                  "mode": "fixed"
                }
              }
            ]
          },
          {
            "matcher": {
              "id": "byName",
              "options": "Trans_drop_eth2"
            },
            "properties": [
              {
                "id": "color",
                "value": {
                  "fixedColor": "#6ED0E0",
                  "mode": "fixed"
                }
              }
            ]
          },
          {
            "matcher": {
              "id": "byName",
              "options": "Trans_drop_lo"
            },
            "properties": [
              {
                "id": "color",
                "value": {
                  "fixedColor": "#E0F9D7",
                  "mode": "fixed"
                }
              }
            ]
          },
          {
            "matcher": {
              "id": "byName",
              "options": "Trans_errs_eth2"
            },
            "properties": [
              {
                "id": "color",
                "value": {
                  "fixedColor": "#BF1B00",
                  "mode": "fixed"
                }
              }
            ]
          },
          {
            "matcher": {
              "id": "byName",
              "options": "Trans_errs_lo"
            },
            "properties": [
              {
                "id": "color",
                "value": {
                  "fixedColor": "#CCA300",
                  "mode": "fixed"
                }
              }
            ]
          },
          {
            "matcher": {
              "id": "byName",
              "options": "recv_bytes_lo"
            },
            "properties": [
              {
                "id": "color",
                "value": {
                  "fixedColor": "#0A50A1",
                  "mode": "fixed"
                }
              }
            ]
          },
          {
            "matcher": {
              "id": "byName",
              "options": "recv_drop_eth0"
            },
            "properties": [
              {
                "id": "color",
                "value": {
                  "fixedColor": "#99440A",
                  "mode": "fixed"
                }
              }
            ]
          },
          {
            "matcher": {
              "id": "byName",
              "options": "recv_drop_lo"
            },
            "properties": [
              {
                "id": "color",
                "value": {
                  "fixedColor": "#967302",
                  "mode": "fixed"
                }
              }
            ]
          },
          {
            "matcher": {
              "id": "byName",
              "options": "recv_errs_eth0"
            },
            "properties": [
              {
                "id": "color",
                "value": {
                  "fixedColor": "#BF1B00",
                  "mode": "fixed"
                }
              }
            ]
          },
          {
            "matcher": {
              "id": "byName",
              "options": "recv_errs_lo"
            },
            "properties": [
              {
                "id": "color",
                "value": {
                  "fixedColor": "#890F02",
                  "mode": "fixed"
                }
              }
            ]
          },
          {
            "matcher": {
              "id": "byName",
              "options": "trans_bytes_eth0"
            },
            "properties": [
              {
                "id": "color",
                "value": {
                  "fixedColor": "#7EB26D",
                  "mode": "fixed"
                }
              }
            ]
          },
          {
            "matcher": {
              "id": "byName",
              "options": "trans_bytes_lo"
            },
            "properties": [
              {
                "id": "color",
                "value": {
                  "fixedColor": "#0A50A1",
                  "mode": "fixed"
                }
              }
            ]
          },
          {
            "matcher": {
              "id": "byName",
              "options": "trans_drop_eth0"
            },
            "properties": [
              {
                "id": "color",
                "value": {
                  "fixedColor": "#99440A",
                  "mode": "fixed"
                }
              }
            ]
          },
          {
            "matcher": {
              "id": "byName",
              "options": "trans_drop_lo"
            },
            "properties": [
              {
                "id": "color",
                "value": {
                  "fixedColor": "#967302",
                  "mode": "fixed"
                }
              }
            ]
          },
          {
            "matcher": {
              "id": "byName",
              "options": "trans_errs_eth0"
            },
            "properties": [
              {
                "id": "color",
                "value": {
                  "fixedColor": "#BF1B00",
                  "mode": "fixed"
                }
              }
            ]
          },
          {
            "matcher": {
              "id": "byName",
              "options": "trans_errs_lo"
            },
            "properties": [
              {
                "id": "color",
                "value": {
                  "fixedColor": "#890F02",
                  "mode": "fixed"
                }
              }
            ]
          },
          {
            "matcher": {
              "id": "byRegexp",
              "options": "/.*trans.*/"
            },
            "properties": [
              {
                "id": "custom.transform",
                "value": "negative-Y"
              }
            ]
          },
          {
            "__systemRef": "hideSeriesFrom",
            "matcher": {
              "id": "byNames",
              "options": {
                "mode": "exclude",
                "names": [
                  "DevOps-ACS1 enp41s0 : recv "
                ],
                "prefix": "All except:",
                "readOnly": true
              }
            },
            "properties": [
              {
                "id": "custom.hideFrom",
                "value": {
                  "legend": false,
                  "tooltip": false,
                  "viz": true
                }
              }
            ]
          }
        ]
      },
      "gridPos": {
        "h": 7,
        "w": 24,
        "x": 0,
        "y": 71
      },
      "id": 41,
      "options": {
        "legend": {
          "calcs": [],
          "displayMode": "list",
          "placement": "right",
          "showLegend": true,
          "width": 500
        },
        "tooltip": {
          "hideZeros": false,
          "mode": "multi",
          "sort": "none"
        }
      },
      "pluginVersion": "11.5.2",
      "targets": [
        {
          "datasource": {
            "type": "prometheus",
            "uid": "${datasource}"
          },
          "editorMode": "code",
          "expr": "irate(node_network_receive_bytes_total{instance=~\"$instance\",device=~\"$netinterfaces\"}[$__rate_interval])*8",
          "format": "time_series",
          "intervalFactor": 1,
          "legendFormat": "{{instance}} {{device}} : recv ",
          "range": true,
          "refId": "A",
          "step": 240
        },
        {
          "datasource": {
            "type": "prometheus",
            "uid": "${datasource}"
          },
          "editorMode": "code",
          "expr": "irate(node_network_transmit_bytes_total{instance=~\"$instance\",device=~\"$netinterfaces\"}[$__rate_interval])*8",
          "format": "time_series",
          "intervalFactor": 1,
          "legendFormat": "{{instance}} {{device}} : trans ",
          "range": true,
          "refId": "B",
          "step": 240
        }
      ],
      "title": "Network traffic basic",
      "type": "timeseries"
    },
    {
      "datasource": {
        "default": false,
        "type": "prometheus",
        "uid": "${datasource}"
      },
      "description": "Basic network info per interface in %",
      "fieldConfig": {
        "defaults": {
          "color": {
            "mode": "palette-classic"
          },
          "custom": {
            "axisBorderShow": false,
            "axisCenteredZero": false,
            "axisColorMode": "text",
            "axisGridShow": true,
            "axisLabel": "",
            "axisPlacement": "auto",
            "barAlignment": 0,
            "barWidthFactor": 0.6,
            "drawStyle": "line",
            "fillOpacity": 40,
            "gradientMode": "none",
            "hideFrom": {
              "legend": false,
              "tooltip": false,
              "viz": false
            },
            "insertNulls": false,
            "lineInterpolation": "linear",
            "lineWidth": 1,
            "pointSize": 5,
            "scaleDistribution": {
              "type": "linear"
            },
            "showPoints": "never",
            "spanNulls": false,
            "stacking": {
              "group": "A",
              "mode": "none"
            },
            "thresholdsStyle": {
              "mode": "off"
            }
          },
          "links": [],
          "mappings": [],
          "thresholds": {
            "mode": "absolute",
            "steps": [
              {
                "color": "green"
              }
            ]
          },
          "unit": "percent"
        },
        "overrides": [
          {
            "matcher": {
              "id": "byRegexp",
              "options": "/.*trans.*/"
            },
            "properties": [
              {
                "id": "custom.transform",
                "value": "negative-Y"
              }
            ]
          }
        ]
      },
      "gridPos": {
        "h": 10,
        "w": 24,
        "x": 0,
        "y": 78
      },
      "id": 54,
      "options": {
        "legend": {
          "calcs": [],
          "displayMode": "list",
          "placement": "right",
          "showLegend": true,
          "width": 500
        },
        "tooltip": {
          "hideZeros": false,
          "mode": "multi",
          "sort": "none"
        }
      },
      "pluginVersion": "11.5.2",
      "targets": [
        {
          "datasource": {
            "type": "prometheus",
            "uid": "${datasource}"
          },
          "editorMode": "code",
          "expr": "irate(node_network_receive_bytes_total{instance=~\"$instance\", device=~\"$netinterfaces\"}[$__rate_interval]) \n/\nnode_network_speed_bytes{instance=~\"$instance\", device=~\"$netinterfaces\"} * 100",
          "format": "time_series",
          "intervalFactor": 1,
          "legendFormat": "{{instance}} {{device}} : recv ",
          "range": true,
          "refId": "A",
          "step": 240
        },
        {
          "datasource": {
            "type": "prometheus",
            "uid": "${datasource}"
          },
          "editorMode": "code",
          "expr": "irate(node_network_transmit_bytes_total{instance=~\"$instance\", device=~\"$netinterfaces\"}[$__rate_interval]) \n/\nnode_network_transmit_bytes_total{instance=~\"$instance\", device=~\"$netinterfaces\"}  * 100 ",
          "format": "time_series",
          "hide": false,
          "intervalFactor": 1,
          "legendFormat": "{{instance}} {{device}} : trans ",
          "range": true,
          "refId": "B",
          "step": 240
        }
      ],
      "title": "Network traffic percentage ",
      "type": "timeseries"
    }
  ],
  "preload": false,
  "refresh": "",
  "schemaVersion": 40,
  "tags": [],
  "templating": {
    "list": [
      {
        "current": {
          "text": "Prometheus",
          "value": "prometheus_uid"
        },
        "hide": 2,
        "includeAll": false,
        "label": "Datasource",
        "name": "datasource",
        "options": [],
        "query": "prometheus",
        "refresh": 1,
        "regex": "",
        "type": "datasource"
      },
      {
        "current": {
          "text": "node-exporter",
          "value": "node-exporter"
        },
        "datasource": {
          "type": "prometheus",
          "uid": "${datasource}"
        },
        "definition": "label_values({job=\"node-exporter\"},job)",
        "hide": 2,
        "includeAll": false,
        "label": "Job",
        "name": "job",
        "options": [],
        "query": {
          "qryType": 1,
          "query": "label_values({job=\"node-exporter\"},job)",
          "refId": "PrometheusVariableQueryEditor-VariableQuery"
        },
        "refresh": 1,
        "regex": "",
        "sort": 1,
        "type": "query"
      },
      {
        "current": {
          "text": "All",
          "value": "$__all"
        },
        "datasource": {
          "type": "prometheus",
          "uid": "${datasource}"
        },
        "definition": "label_values(node_uname_info{job=\"$job\"},instance)",
        "includeAll": true,
        "label": "Services",
        "name": "instance",
        "options": [],
        "query": {
          "qryType": 1,
          "query": "label_values(node_uname_info{job=\"$job\"},instance)",
          "refId": "PrometheusVariableQueryEditor-VariableQuery"
        },
        "refresh": 1,
        "regex": "",
        "type": "query"
      },
      {
        "current": {
          "text": "^(eth|en|ens|enp|wlan).*",
          "value": "^(eth|en|ens|enp|wlan).*"
        },
        "hide": 2,
        "includeAll": false,
        "label": "Netinterfaces",
        "name": "netinterfaces",
        "options": [
          {
            "selected": true,
            "text": "^(eth|en|ens|enp|wlan).*",
            "value": "^(eth|en|ens|enp|wlan).*"
          }
        ],
        "query": "^(eth|en|ens|enp|wlan).*\n",
        "type": "custom"
      }
    ]
  },
  "time": {
    "from": "now-15m",
    "to": "now"
  },
  "timepicker": {},
  "timezone": "browser",
  "title": "System dashboard - Basic view",
  "uid": "ce6e2dd9ip91ce",
  "version": 141,
  "weekStart": ""
}