{
  "annotations": {
    "list": [
      {
        "builtIn": 1,
        "datasource": {
          "type": "grafana",
          "uid": "-- Grafana --"
        },
        "enable": true,
        "hide": true,
        "iconColor": "rgba(0, 211, 255, 1)",
        "name": "Annotations & Alerts",
        "type": "dashboard"
      }
    ]
  },
  "editable": true,
  "fiscalYearStartMonth": 0,
  "graphTooltip": 0,
  "id": 7,
  "links": [],
  "panels": [
    {
      "datasource": {
        "default": true,
        "type": "prometheus",
        "uid": "prometheus_uid"
      },
      "fieldConfig": {
        "defaults": {
          "mappings": [],
          "thresholds": {
            "mode": "absolute",
            "steps": [
              {
                "color": "green",
                "value": null
              },
              {
                "color": "red",
                "value": 80
              }
            ]
          },
          "unit": "short"
        },
        "overrides": []
      },
      "gridPos": {
        "h": 5,
        "w": 3,
        "x": 0,
        "y": 0
      },
      "id": 85,
      "options": {
        "colorMode": "value",
        "graphMode": "area",
        "justifyMode": "auto",
        "orientation": "auto",
        "percentChangeColorMode": "standard",
        "reduceOptions": {
          "calcs": [
            "lastNotNull"
          ],
          "fields": "",
          "values": false
        },
        "showPercentChange": false,
        "textMode": "auto",
        "wideLayout": true
      },
      "pluginVersion": "11.2.0",
      "targets": [
        {
          "datasource": {
            "type": "prometheus",
            "uid": "prometheus_uid"
          },
          "editorMode": "code",
          "expr": "count(com_hazelcast_Metrics_nodes{})\n",
          "instant": false,
          "legendFormat": "{{exported_instance}}",
          "range": true,
          "refId": "A"
        }
      ],
      "title": "Hazelcast clusterSize",
      "type": "stat"
    },
    {
      "datasource": {
        "default": true,
        "type": "prometheus",
        "uid": "prometheus_uid"
      },
      "fieldConfig": {
        "defaults": {
          "mappings": [],
          "thresholds": {
            "mode": "absolute",
            "steps": [
              {
                "color": "green",
                "value": null
              },
              {
                "color": "red",
                "value": 80
              }
            ]
          },
          "unit": "short"
        },
        "overrides": []
      },
      "gridPos": {
        "h": 5,
        "w": 3,
        "x": 3,
        "y": 0
      },
      "id": 86,
      "options": {
        "colorMode": "value",
        "graphMode": "area",
        "justifyMode": "auto",
        "orientation": "auto",
        "percentChangeColorMode": "standard",
        "reduceOptions": {
          "calcs": [
            "lastNotNull"
          ],
          "fields": "",
          "values": false
        },
        "showPercentChange": false,
        "textMode": "auto",
        "wideLayout": true
      },
      "pluginVersion": "11.2.0",
      "targets": [
        {
          "datasource": {
            "type": "prometheus",
            "uid": "prometheus_uid"
          },
          "editorMode": "code",
          "expr": "sum(com_hazelcast_Metrics_migrationQueueSize)",
          "instant": false,
          "legendFormat": "{{instance}}",
          "range": true,
          "refId": "A"
        }
      ],
      "title": "MigrationQueueSize",
      "type": "stat"
    },
    {
      "datasource": {
        "default": true,
        "type": "prometheus",
        "uid": "prometheus_uid"
      },
      "fieldConfig": {
        "defaults": {
          "color": {
            "mode": "thresholds"
          },
          "mappings": [
            {
              "options": {
                "0": {
                  "index": 1,
                  "text": "Down"
                },
                "1": {
                  "index": 0,
                  "text": "Up"
                }
              },
              "type": "value"
            }
          ],
          "thresholds": {
            "mode": "absolute",
            "steps": [
              {
                "color": "green",
                "value": null
              },
              {
                "color": "red",
                "value": 0
              },
              {
                "color": "green",
                "value": 1
              }
            ]
          }
        },
        "overrides": []
      },
      "gridPos": {
        "h": 5,
        "w": 3,
        "x": 6,
        "y": 0
      },
      "id": 103,
      "options": {
        "colorMode": "value",
        "graphMode": "area",
        "justifyMode": "auto",
        "orientation": "auto",
        "percentChangeColorMode": "standard",
        "reduceOptions": {
          "calcs": [
            "lastNotNull"
          ],
          "fields": "",
          "values": false
        },
        "showPercentChange": false,
        "textMode": "auto",
        "wideLayout": true
      },
      "pluginVersion": "11.2.0",
      "targets": [
        {
          "datasource": {
            "type": "prometheus",
            "uid": "prometheus_uid"
          },
          "editorMode": "code",
          "expr": "com_hazelcast_nostalgic_satoshi_isClusterSafe",
          "instant": false,
          "legendFormat": "{{type}}",
          "range": true,
          "refId": "A"
        }
      ],
      "title": "isClusterSafe",
      "type": "stat"
    },
    {
      "datasource": {
        "default": true,
        "type": "prometheus",
        "uid": "prometheus_uid"
      },
      "fieldConfig": {
        "defaults": {
          "mappings": [
            {
              "options": {
                "0": {
                  "index": 1,
                  "text": "Donw"
                },
                "1": {
                  "index": 0,
                  "text": "Up"
                }
              },
              "type": "value"
            }
          ],
          "thresholds": {
            "mode": "absolute",
            "steps": [
              {
                "color": "yellow",
                "value": null
              },
              {
                "color": "red",
                "value": 80
              }
            ]
          },
          "unit": "short"
        },
        "overrides": []
      },
      "gridPos": {
        "h": 5,
        "w": 6,
        "x": 9,
        "y": 0
      },
      "id": 120,
      "options": {
        "colorMode": "value",
        "graphMode": "area",
        "justifyMode": "auto",
        "orientation": "auto",
        "percentChangeColorMode": "standard",
        "reduceOptions": {
          "calcs": [
            "lastNotNull"
          ],
          "fields": "",
          "values": false
        },
        "showPercentChange": false,
        "textMode": "auto",
        "wideLayout": true
      },
      "pluginVersion": "11.2.0",
      "targets": [
        {
          "datasource": {
            "type": "prometheus",
            "uid": "prometheus_uid"
          },
          "editorMode": "code",
          "exemplar": false,
          "expr": "hazelcast_instance_status\n",
          "instant": false,
          "legendFormat": "{{name}}",
          "range": true,
          "refId": "A"
        }
      ],
      "title": "NodeState ",
      "type": "stat"
    },
    {
      "collapsed": false,
      "gridPos": {
        "h": 1,
        "w": 24,
        "x": 0,
        "y": 5
      },
      "id": 6,
      "panels": [],
      "title": "Service Uptime",
      "type": "row"
    },
    {
      "datasource": {
        "default": false,
        "type": "prometheus",
        "uid": "${datasource}"
      },
      "description": "Service uptime.",
      "fieldConfig": {
        "defaults": {
          "color": {
            "mode": "thresholds"
          },
          "fieldMinMax": false,
          "mappings": [],
          "thresholds": {
            "mode": "absolute",
            "steps": [
              {
                "color": "red",
                "value": null
              },
              {
                "color": "orange",
                "value": 1
              },
              {
                "color": "green",
                "value": 3
              }
            ]
          },
          "unit": "s"
        },
        "overrides": []
      },
      "gridPos": {
        "h": 3,
        "w": 4.8,
        "x": 0,
        "y": 6
      },
      "id": 1,
      "maxPerRow": 6,
      "options": {
        "colorMode": "value",
        "graphMode": "none",
        "justifyMode": "center",
        "orientation": "auto",
        "percentChangeColorMode": "standard",
        "reduceOptions": {
          "calcs": [
            "lastNotNull"
          ],
          "fields": "",
          "values": false
        },
        "showPercentChange": false,
        "text": {},
        "textMode": "auto",
        "wideLayout": true
      },
      "pluginVersion": "11.2.0",
      "repeat": "instance",
      "repeatDirection": "h",
      "targets": [
        {
          "datasource": {
            "type": "prometheus",
            "uid": "${datasource}"
          },
          "editorMode": "code",
          "expr": "time() - namedprocess_namegroup_oldest_start_time_seconds{instance=\"$instance\",groupname=~\"java|mysqld\"}\n",
          "instant": false,
          "legendFormat": "__auto",
          "range": true,
          "refId": "A"
        }
      ],
      "title": "Service: $instance",
      "type": "stat"
    },
    {
      "datasource": {
        "default": false,
        "type": "prometheus",
        "uid": "${datasource}"
      },
      "fieldConfig": {
        "defaults": {
          "color": {
            "mode": "thresholds"
          },
          "custom": {
            "align": "auto",
            "cellOptions": {
              "type": "auto"
            },
            "filterable": true,
            "inspect": false
          },
          "displayName": "Name",
          "mappings": [],
          "thresholds": {
            "mode": "absolute",
            "steps": [
              {
                "color": "green",
                "value": null
              },
              {
                "color": "red",
                "value": 80
              }
            ]
          }
        },
        "overrides": [
          {
            "matcher": {
              "id": "byName",
              "options": "Uptime"
            },
            "properties": [
              {
                "id": "unit",
                "value": "s"
              }
            ]
          },
          {
            "matcher": {
              "id": "byName",
              "options": "CPU Frequency"
            },
            "properties": [
              {
                "id": "unit",
                "value": "rothz"
              }
            ]
          },
          {
            "matcher": {
              "id": "byName",
              "options": "RAM Total"
            },
            "properties": [
              {
                "id": "unit",
                "value": "decbytes"
              }
            ]
          }
        ]
      },
      "gridPos": {
        "h": 10,
        "w": 24,
        "x": 0,
        "y": 9
      },
      "id": 11,
      "options": {
        "cellHeight": "sm",
        "footer": {
          "countRows": false,
          "enablePagination": false,
          "fields": "",
          "reducer": [
            "sum"
          ],
          "show": false
        },
        "showHeader": true
      },
      "pluginVersion": "11.2.0",
      "targets": [
        {
          "datasource": {
            "type": "prometheus",
            "uid": "${datasource}"
          },
          "editorMode": "code",
          "exemplar": false,
          "expr": "node_time_seconds{instance=~\"$instance\", job=\"$job\"} - node_boot_time_seconds{instance=~\"$instance\"}",
          "format": "table",
          "hide": false,
          "instant": true,
          "legendFormat": "Uptime",
          "range": false,
          "refId": "Uptime"
        },
        {
          "datasource": {
            "type": "prometheus",
            "uid": "${datasource}"
          },
          "editorMode": "code",
          "exemplar": false,
          "expr": "count(count(node_cpu_seconds_total{instance=~\"$instance\"}) by (instance, cpu)) by (instance)",
          "format": "table",
          "hide": false,
          "instant": true,
          "legendFormat": "CPU Cores",
          "range": false,
          "refId": "C"
        },
        {
          "datasource": {
            "type": "prometheus",
            "uid": "${datasource}"
          },
          "editorMode": "code",
          "exemplar": false,
          "expr": "avg(node_cpu_scaling_frequency_max_hertz{instance=~\"$instance\"}) by (instance)\n",
          "format": "table",
          "hide": false,
          "instant": true,
          "legendFormat": "CPU Frequency",
          "range": false,
          "refId": "D"
        },
        {
          "datasource": {
            "type": "prometheus",
            "uid": "${datasource}"
          },
          "editorMode": "code",
          "exemplar": false,
          "expr": "node_memory_MemTotal_bytes{instance=~\"$instance\"}\n# node_memory_MemTotal_bytes{instance=~\"DevOps-ACS1\"}",
          "format": "table",
          "hide": false,
          "instant": true,
          "legendFormat": "RAM Total",
          "range": false,
          "refId": "E"
        },
        {
          "datasource": {
            "type": "prometheus",
            "uid": "${datasource}"
          },
          "editorMode": "code",
          "exemplar": false,
          "expr": "# undertow_session_alivetime_avg_seconds{context=\"/\",instance=~\"$instance\"}\n# undertow_session_alivetime_avg_seconds{instance=~\"DevOps-ACS1\",context=\"/\"}\navg(undertow_session_alivetime_avg_seconds{instance=~\"$instance\"}) by (instance)\n",
          "format": "table",
          "hide": true,
          "instant": true,
          "legendFormat": "HTTP Sessions",
          "range": false,
          "refId": "F"
        }
      ],
      "title": "Servers list:",
      "transformations": [
        {
          "id": "merge",
          "options": {}
        },
        {
          "id": "organize",
          "options": {
            "excludeByName": {
              "Time": true,
              "__name__": true,
              "context": true,
              "deployment": true,
              "job": true,
              "listener": true,
              "server": true
            },
            "includeByName": {},
            "indexByName": {
              "Time": 0,
              "Value #C": 5,
              "Value #D": 6,
              "Value #E": 8,
              "Value #F": 11,
              "Value #Uptime": 4,
              "__name__": 7,
              "context": 9,
              "deployment": 10,
              "instance": 1,
              "job": 2,
              "node_ip": 3
            },
            "renameByName": {
              "Value": "Uptime",
              "Value #C": "CPU Core",
              "Value #D": "CPU Frequency",
              "Value #E": "RAM Total",
              "Value #F": "HTTP Sessions T(avg)",
              "Value #Uptime": "Uptime",
              "instance": "Name",
              "job": "",
              "node_ip": "IP Address"
            }
          }
        }
      ],
      "type": "table"
    },
    {
      "datasource": {
        "default": false,
        "type": "prometheus",
        "uid": "${datasource}"
      },
      "description": "System load  over all CPU cores together",
      "fieldConfig": {
        "defaults": {
          "color": {
            "mode": "thresholds"
          },
          "decimals": 1,
          "mappings": [
            {
              "options": {
                "match": "null",
                "result": {
                  "text": "N/A"
                }
              },
              "type": "special"
            }
          ],
          "max": 100,
          "min": 0,
          "thresholds": {
            "mode": "absolute",
            "steps": [
              {
                "color": "#5688f7",
                "value": null
              },
              {
                "color": "#e15242",
                "value": 95
              }
            ]
          },
          "unit": "percent"
        },
        "overrides": []
      },
      "gridPos": {
        "h": 4,
        "w": 4.8,
        "x": 0,
        "y": 19
      },
      "id": 16,
      "maxPerRow": 6,
      "options": {
        "minVizHeight": 75,
        "minVizWidth": 75,
        "orientation": "auto",
        "reduceOptions": {
          "calcs": [
            "lastNotNull"
          ],
          "fields": "",
          "values": false
        },
        "showThresholdLabels": false,
        "showThresholdMarkers": true,
        "sizing": "auto"
      },
      "pluginVersion": "11.2.0",
      "repeat": "instance",
      "repeatDirection": "h",
      "targets": [
        {
          "datasource": {
            "type": "prometheus",
            "uid": "${datasource}"
          },
          "editorMode": "code",
          "exemplar": false,
          "expr": "scalar(node_load5{instance=\"$instance\",job=\"$job\"}) * 100 / count(count(node_cpu_seconds_total{instance=\"$instance\",job=\"$job\"}) by (cpu))",
          "format": "time_series",
          "hide": false,
          "instant": true,
          "intervalFactor": 1,
          "range": false,
          "refId": "A",
          "step": 240
        }
      ],
      "title": "CPU $instance",
      "type": "gauge"
    },
    {
      "datasource": {
        "default": false,
        "type": "prometheus",
        "uid": "${datasource}"
      },
      "description": "RAM memory",
      "fieldConfig": {
        "defaults": {
          "color": {
            "mode": "thresholds"
          },
          "decimals": 1,
          "mappings": [],
          "max": 100,
          "min": 0,
          "thresholds": {
            "mode": "absolute",
            "steps": [
              {
                "color": "#5688f7",
                "value": null
              },
              {
                "color": "#e15242",
                "value": 90
              }
            ]
          },
          "unit": "percent"
        },
        "overrides": []
      },
      "gridPos": {
        "h": 4,
        "w": 4.8,
        "x": 0,
        "y": 23
      },
      "hideTimeOverride": false,
      "id": 25,
      "maxPerRow": 6,
      "options": {
        "minVizHeight": 75,
        "minVizWidth": 75,
        "orientation": "auto",
        "reduceOptions": {
          "calcs": [
            "lastNotNull"
          ],
          "fields": "",
          "values": false
        },
        "showThresholdLabels": false,
        "showThresholdMarkers": true,
        "sizing": "auto"
      },
      "pluginVersion": "11.2.0",
      "repeat": "instance",
      "repeatDirection": "h",
      "targets": [
        {
          "datasource": {
            "type": "prometheus",
            "uid": "${datasource}"
          },
          "editorMode": "code",
          "exemplar": false,
          "expr": "((node_memory_MemTotal_bytes{instance=\"$instance\", job=\"$job\"} - node_memory_MemFree_bytes{instance=\"$instance\", job=\"$job\"}) / node_memory_MemTotal_bytes{instance=\"$instance\", job=\"$job\"}) * 100",
          "format": "time_series",
          "hide": true,
          "instant": true,
          "intervalFactor": 1,
          "range": false,
          "refId": "A",
          "step": 240
        },
        {
          "datasource": {
            "type": "prometheus",
            "uid": "${datasource}"
          },
          "editorMode": "code",
          "exemplar": false,
          "expr": "(1 - (node_memory_MemAvailable_bytes{instance=\"$instance\", job=\"$job\"} / node_memory_MemTotal_bytes{instance=\"$instance\", job=\"$job\"})) * 100",
          "format": "time_series",
          "hide": false,
          "instant": true,
          "intervalFactor": 1,
          "range": false,
          "refId": "B",
          "step": 240
        }
      ],
      "title": "RAM $instance",
      "type": "gauge"
    },
    {
      "datasource": {
        "default": false,
        "type": "prometheus",
        "uid": "${datasource}"
      },
      "fieldConfig": {
        "defaults": {
          "color": {
            "mode": "thresholds"
          },
          "decimals": 1,
          "mappings": [],
          "max": 100,
          "thresholds": {
            "mode": "absolute",
            "steps": [
              {
                "color": "#5688f7",
                "value": null
              },
              {
                "color": "dark-orange",
                "value": 80
              },
              {
                "color": "#e15242",
                "value": 90
              }
            ]
          },
          "unit": "percent"
        },
        "overrides": []
      },
      "gridPos": {
        "h": 4,
        "w": 4.8,
        "x": 0,
        "y": 27
      },
      "id": 67,
      "maxPerRow": 6,
      "options": {
        "minVizHeight": 75,
        "minVizWidth": 75,
        "orientation": "auto",
        "reduceOptions": {
          "calcs": [
            "lastNotNull"
          ],
          "fields": "",
          "values": false
        },
        "showThresholdLabels": false,
        "showThresholdMarkers": true,
        "sizing": "auto"
      },
      "pluginVersion": "11.2.0",
      "repeat": "instance",
      "repeatDirection": "h",
      "targets": [
        {
          "datasource": {
            "type": "prometheus",
            "uid": "prometheus_uid"
          },
          "editorMode": "code",
          "exemplar": false,
          "expr": "100 - (\n  (node_filesystem_avail_bytes{instance=~\".*$instance.*\", mountpoint=\"/\", fstype!~\"/boot|rootfs|/run.*\"} * 100) \n  / node_filesystem_size_bytes{instance=~\".*$instance.*\", mountpoint=\"/\", fstype!~\"/boot|rootfs|/run.*\"}\n)\n",
          "instant": true,
          "legendFormat": "{{device}}",
          "range": false,
          "refId": "A"
        }
      ],
      "title": "Disc space $instance",
      "type": "gauge"
    },
    {
      "datasource": {
        "default": true,
        "type": "prometheus",
        "uid": "prometheus_uid"
      },
      "description": "Total number of connections in this pool",
      "fieldConfig": {
        "defaults": {
          "color": {
            "mode": "palette-classic"
          },
          "custom": {
            "axisBorderShow": false,
            "axisCenteredZero": false,
            "axisColorMode": "text",
            "axisLabel": "",
            "axisPlacement": "auto",
            "barAlignment": 0,
            "barWidthFactor": 0.6,
            "drawStyle": "line",
            "fillOpacity": 10,
            "gradientMode": "none",
            "hideFrom": {
              "legend": false,
              "tooltip": false,
              "viz": false
            },
            "insertNulls": false,
            "lineInterpolation": "linear",
            "lineWidth": 1,
            "pointSize": 5,
            "scaleDistribution": {
              "type": "linear"
            },
            "showPoints": "never",
            "spanNulls": false,
            "stacking": {
              "group": "A",
              "mode": "none"
            },
            "thresholdsStyle": {
              "mode": "off"
            }
          },
          "mappings": [],
          "thresholds": {
            "mode": "absolute",
            "steps": [
              {
                "color": "green",
                "value": null
              },
              {
                "color": "red",
                "value": 80
              }
            ]
          },
          "unit": "short"
        },
        "overrides": []
      },
      "gridPos": {
        "h": 7,
        "w": 24,
        "x": 0,
        "y": 31
      },
      "id": 84,
      "options": {
        "legend": {
          "calcs": [
            "mean",
            "lastNotNull",
            "max"
          ],
          "displayMode": "table",
          "placement": "right",
          "showLegend": true,
          "width": 500
        },
        "tooltip": {
          "mode": "multi",
          "sort": "none"
        }
      },
      "targets": [
        {
          "datasource": {
            "type": "prometheus",
            "uid": "prometheus_uid"
          },
          "editorMode": "code",
          "expr": "jboss_jdbc_connections_total",
          "legendFormat": "{{instance}} {{pool}} total",
          "range": true,
          "refId": "A"
        },
        {
          "datasource": {
            "type": "prometheus",
            "uid": "prometheus_uid"
          },
          "expr": "jboss_jdbc_connections_active_total",
          "legendFormat": "{{instance}} {{pool}} active",
          "refId": "B"
        }
      ],
      "title": "ACS JDBC Pools",
      "type": "timeseries"
    },
    {
      "datasource": {
        "default": true,
        "type": "prometheus",
        "uid": "prometheus_uid"
      },
      "description": "Max number of concurrent active sessions",
      "fieldConfig": {
        "defaults": {
          "color": {
            "mode": "palette-classic"
          },
          "custom": {
            "axisBorderShow": false,
            "axisCenteredZero": false,
            "axisColorMode": "text",
            "axisLabel": "",
            "axisPlacement": "auto",
            "barAlignment": 0,
            "barWidthFactor": 0.6,
            "drawStyle": "line",
            "fillOpacity": 10,
            "gradientMode": "none",
            "hideFrom": {
              "legend": false,
              "tooltip": false,
              "viz": false
            },
            "insertNulls": false,
            "lineInterpolation": "linear",
            "lineWidth": 1,
            "pointSize": 5,
            "scaleDistribution": {
              "type": "linear"
            },
            "showPoints": "never",
            "spanNulls": false,
            "stacking": {
              "group": "A",
              "mode": "none"
            },
            "thresholdsStyle": {
              "mode": "off"
            }
          },
          "mappings": [],
          "thresholds": {
            "mode": "absolute",
            "steps": [
              {
                "color": "green",
                "value": null
              },
              {
                "color": "red",
                "value": 80
              }
            ]
          },
          "unit": "short"
        },
        "overrides": []
      },
      "gridPos": {
        "h": 7,
        "w": 24,
        "x": 0,
        "y": 38
      },
      "id": 38,
      "options": {
        "legend": {
          "calcs": [
            "mean",
            "lastNotNull",
            "max"
          ],
          "displayMode": "table",
          "placement": "right",
          "showLegend": true,
          "width": 500
        },
        "tooltip": {
          "mode": "multi",
          "sort": "none"
        }
      },
      "targets": [
        {
          "datasource": {
            "type": "prometheus",
            "uid": "prometheus_uid"
          },
          "editorMode": "code",
          "expr": "sum(undertow_session_active_total{deployment!=\"metrics.war\"}) by (instance)",
          "legendFormat": "HTTP - ActiveSession: {{instance}}",
          "range": true,
          "refId": "A"
        },
        {
          "datasource": {
            "type": "prometheus",
            "uid": "prometheus_uid"
          },
          "editorMode": "code",
          "expr": "node_netstat_Tcp_CurrEstab{instance=~\".*ACS.*\"}",
          "hide": false,
          "instant": false,
          "legendFormat": "Statistic TcpCurrEstab: {{instance}}",
          "range": true,
          "refId": "B"
        },
        {
          "datasource": {
            "type": "prometheus",
            "uid": "prometheus_uid"
          },
          "editorMode": "code",
          "expr": "rate(node_netstat_Tcp_ActiveOpens{instance=~\".*ACS.*\"}[1m])",
          "hide": false,
          "instant": false,
          "legendFormat": "Statistic TcpActiveOpens 1m: {{instance}}",
          "range": true,
          "refId": "C"
        }
      ],
      "title": "HTTP Sessions vs TCP Established",
      "type": "timeseries"
    },
    {
      "datasource": {
        "default": true,
        "type": "prometheus",
        "uid": "prometheus_uid"
      },
      "description": "",
      "fieldConfig": {
        "defaults": {
          "color": {
            "mode": "palette-classic"
          },
          "custom": {
            "axisBorderShow": false,
            "axisCenteredZero": false,
            "axisColorMode": "text",
            "axisLabel": "",
            "axisPlacement": "auto",
            "barAlignment": 0,
            "barWidthFactor": 0.6,
            "drawStyle": "line",
            "fillOpacity": 10,
            "gradientMode": "none",
            "hideFrom": {
              "legend": false,
              "tooltip": false,
              "viz": false
            },
            "insertNulls": false,
            "lineInterpolation": "linear",
            "lineWidth": 1,
            "pointSize": 5,
            "scaleDistribution": {
              "type": "linear"
            },
            "showPoints": "never",
            "spanNulls": false,
            "stacking": {
              "group": "A",
              "mode": "none"
            },
            "thresholdsStyle": {
              "mode": "off"
            }
          },
          "mappings": [],
          "thresholds": {
            "mode": "absolute",
            "steps": [
              {
                "color": "green",
                "value": null
              },
              {
                "color": "red",
                "value": 80
              }
            ]
          },
          "unit": "short"
        },
        "overrides": []
      },
      "gridPos": {
        "h": 7,
        "w": 24,
        "x": 0,
        "y": 45
      },
      "id": 39,
      "options": {
        "legend": {
          "calcs": [
            "mean",
            "lastNotNull",
            "max"
          ],
          "displayMode": "table",
          "placement": "right",
          "showLegend": true,
          "width": 500
        },
        "tooltip": {
          "mode": "multi",
          "sort": "none"
        }
      },
      "targets": [
        {
          "datasource": {
            "type": "prometheus",
            "uid": "prometheus_uid"
          },
          "editorMode": "code",
          "expr": "rate(node_netstat_Udp_InDatagrams{instance=~\".*ACS.*\"}[5m])",
          "hide": false,
          "instant": false,
          "legendFormat": "Udp_InDatagrams: {{instance}}",
          "range": true,
          "refId": "B"
        },
        {
          "datasource": {
            "type": "prometheus",
            "uid": "prometheus_uid"
          },
          "editorMode": "code",
          "expr": "rate(node_netstat_Udp_OutDatagrams{instance=~\".*ACS.*\"}[1m])",
          "hide": false,
          "instant": false,
          "legendFormat": "Udp_OutDatagrams: {{instance}}",
          "range": true,
          "refId": "C"
        },
        {
          "datasource": {
            "type": "prometheus",
            "uid": "prometheus_uid"
          },
          "editorMode": "code",
          "expr": "node_sockstat_UDP_inuse{instance=~\".*ACS.*\"}+node_sockstat_UDP6_inuse{instance=~\".*ACS.*\"}",
          "hide": false,
          "instant": false,
          "legendFormat": "UDP_inuse_sockets: {{instance}}",
          "range": true,
          "refId": "A"
        }
      ],
      "title": "UDP Sessions ",
      "type": "timeseries"
    },
    {
      "datasource": {
        "default": false,
        "type": "prometheus",
        "uid": "${datasource}"
      },
      "description": "Basic network info per interface",
      "fieldConfig": {
        "defaults": {
          "color": {
            "mode": "palette-classic"
          },
          "custom": {
            "axisBorderShow": false,
            "axisCenteredZero": false,
            "axisColorMode": "text",
            "axisGridShow": true,
            "axisLabel": "",
            "axisPlacement": "auto",
            "barAlignment": 0,
            "barWidthFactor": 0.6,
            "drawStyle": "line",
            "fillOpacity": 40,
            "gradientMode": "none",
            "hideFrom": {
              "legend": false,
              "tooltip": false,
              "viz": false
            },
            "insertNulls": false,
            "lineInterpolation": "linear",
            "lineWidth": 1,
            "pointSize": 5,
            "scaleDistribution": {
              "type": "linear"
            },
            "showPoints": "never",
            "spanNulls": false,
            "stacking": {
              "group": "A",
              "mode": "none"
            },
            "thresholdsStyle": {
              "mode": "off"
            }
          },
          "links": [],
          "mappings": [],
          "thresholds": {
            "mode": "absolute",
            "steps": [
              {
                "color": "green",
                "value": null
              },
              {
                "color": "red",
                "value": 80
              }
            ]
          },
          "unit": "bps"
        },
        "overrides": [
          {
            "matcher": {
              "id": "byName",
              "options": "Recv_bytes_eth2"
            },
            "properties": [
              {
                "id": "color",
                "value": {
                  "fixedColor": "#7EB26D",
                  "mode": "fixed"
                }
              }
            ]
          },
          {
            "matcher": {
              "id": "byName",
              "options": "Recv_bytes_lo"
            },
            "properties": [
              {
                "id": "color",
                "value": {
                  "fixedColor": "#0A50A1",
                  "mode": "fixed"
                }
              }
            ]
          },
          {
            "matcher": {
              "id": "byName",
              "options": "Recv_drop_eth2"
            },
            "properties": [
              {
                "id": "color",
                "value": {
                  "fixedColor": "#6ED0E0",
                  "mode": "fixed"
                }
              }
            ]
          },
          {
            "matcher": {
              "id": "byName",
              "options": "Recv_drop_lo"
            },
            "properties": [
              {
                "id": "color",
                "value": {
                  "fixedColor": "#E0F9D7",
                  "mode": "fixed"
                }
              }
            ]
          },
          {
            "matcher": {
              "id": "byName",
              "options": "Recv_errs_eth2"
            },
            "properties": [
              {
                "id": "color",
                "value": {
                  "fixedColor": "#BF1B00",
                  "mode": "fixed"
                }
              }
            ]
          },
          {
            "matcher": {
              "id": "byName",
              "options": "Recv_errs_lo"
            },
            "properties": [
              {
                "id": "color",
                "value": {
                  "fixedColor": "#CCA300",
                  "mode": "fixed"
                }
              }
            ]
          },
          {
            "matcher": {
              "id": "byName",
              "options": "Trans_bytes_eth2"
            },
            "properties": [
              {
                "id": "color",
                "value": {
                  "fixedColor": "#7EB26D",
                  "mode": "fixed"
                }
              }
            ]
          },
          {
            "matcher": {
              "id": "byName",
              "options": "Trans_bytes_lo"
            },
            "properties": [
              {
                "id": "color",
                "value": {
                  "fixedColor": "#0A50A1",
                  "mode": "fixed"
                }
              }
            ]
          },
          {
            "matcher": {
              "id": "byName",
              "options": "Trans_drop_eth2"
            },
            "properties": [
              {
                "id": "color",
                "value": {
                  "fixedColor": "#6ED0E0",
                  "mode": "fixed"
                }
              }
            ]
          },
          {
            "matcher": {
              "id": "byName",
              "options": "Trans_drop_lo"
            },
            "properties": [
              {
                "id": "color",
                "value": {
                  "fixedColor": "#E0F9D7",
                  "mode": "fixed"
                }
              }
            ]
          },
          {
            "matcher": {
              "id": "byName",
              "options": "Trans_errs_eth2"
            },
            "properties": [
              {
                "id": "color",
                "value": {
                  "fixedColor": "#BF1B00",
                  "mode": "fixed"
                }
              }
            ]
          },
          {
            "matcher": {
              "id": "byName",
              "options": "Trans_errs_lo"
            },
            "properties": [
              {
                "id": "color",
                "value": {
                  "fixedColor": "#CCA300",
                  "mode": "fixed"
                }
              }
            ]
          },
          {
            "matcher": {
              "id": "byName",
              "options": "recv_bytes_lo"
            },
            "properties": [
              {
                "id": "color",
                "value": {
                  "fixedColor": "#0A50A1",
                  "mode": "fixed"
                }
              }
            ]
          },
          {
            "matcher": {
              "id": "byName",
              "options": "recv_drop_eth0"
            },
            "properties": [
              {
                "id": "color",
                "value": {
                  "fixedColor": "#99440A",
                  "mode": "fixed"
                }
              }
            ]
          },
          {
            "matcher": {
              "id": "byName",
              "options": "recv_drop_lo"
            },
            "properties": [
              {
                "id": "color",
                "value": {
                  "fixedColor": "#967302",
                  "mode": "fixed"
                }
              }
            ]
          },
          {
            "matcher": {
              "id": "byName",
              "options": "recv_errs_eth0"
            },
            "properties": [
              {
                "id": "color",
                "value": {
                  "fixedColor": "#BF1B00",
                  "mode": "fixed"
                }
              }
            ]
          },
          {
            "matcher": {
              "id": "byName",
              "options": "recv_errs_lo"
            },
            "properties": [
              {
                "id": "color",
                "value": {
                  "fixedColor": "#890F02",
                  "mode": "fixed"
                }
              }
            ]
          },
          {
            "matcher": {
              "id": "byName",
              "options": "trans_bytes_eth0"
            },
            "properties": [
              {
                "id": "color",
                "value": {
                  "fixedColor": "#7EB26D",
                  "mode": "fixed"
                }
              }
            ]
          },
          {
            "matcher": {
              "id": "byName",
              "options": "trans_bytes_lo"
            },
            "properties": [
              {
                "id": "color",
                "value": {
                  "fixedColor": "#0A50A1",
                  "mode": "fixed"
                }
              }
            ]
          },
          {
            "matcher": {
              "id": "byName",
              "options": "trans_drop_eth0"
            },
            "properties": [
              {
                "id": "color",
                "value": {
                  "fixedColor": "#99440A",
                  "mode": "fixed"
                }
              }
            ]
          },
          {
            "matcher": {
              "id": "byName",
              "options": "trans_drop_lo"
            },
            "properties": [
              {
                "id": "color",
                "value": {
                  "fixedColor": "#967302",
                  "mode": "fixed"
                }
              }
            ]
          },
          {
            "matcher": {
              "id": "byName",
              "options": "trans_errs_eth0"
            },
            "properties": [
              {
                "id": "color",
                "value": {
                  "fixedColor": "#BF1B00",
                  "mode": "fixed"
                }
              }
            ]
          },
          {
            "matcher": {
              "id": "byName",
              "options": "trans_errs_lo"
            },
            "properties": [
              {
                "id": "color",
                "value": {
                  "fixedColor": "#890F02",
                  "mode": "fixed"
                }
              }
            ]
          },
          {
            "matcher": {
              "id": "byRegexp",
              "options": "/.*trans.*/"
            },
            "properties": [
              {
                "id": "custom.transform",
                "value": "negative-Y"
              }
            ]
          }
        ]
      },
      "gridPos": {
        "h": 7,
        "w": 24,
        "x": 0,
        "y": 52
      },
      "id": 41,
      "options": {
        "legend": {
          "calcs": [],
          "displayMode": "list",
          "placement": "right",
          "showLegend": true,
          "width": 500
        },
        "tooltip": {
          "mode": "multi",
          "sort": "none"
        }
      },
      "pluginVersion": "9.2.0",
      "targets": [
        {
          "datasource": {
            "type": "prometheus",
            "uid": "${datasource}"
          },
          "editorMode": "code",
          "expr": "irate(node_network_receive_bytes_total{instance=~\"$instance\",device=~\"$netinterfaces\"}[$__rate_interval])*8",
          "format": "time_series",
          "intervalFactor": 1,
          "legendFormat": "{{instance}} {{device}} : recv ",
          "range": true,
          "refId": "A",
          "step": 240
        },
        {
          "datasource": {
            "type": "prometheus",
            "uid": "${datasource}"
          },
          "editorMode": "code",
          "expr": "irate(node_network_transmit_bytes_total{instance=~\"$instance\",device=~\"$netinterfaces\"}[$__rate_interval])*8",
          "format": "time_series",
          "intervalFactor": 1,
          "legendFormat": "{{instance}} {{device}} : trans ",
          "range": true,
          "refId": "B",
          "step": 240
        }
      ],
      "title": "Network Traffic Basic",
      "type": "timeseries"
    },
    {
      "datasource": {
        "default": false,
        "type": "prometheus",
        "uid": "${datasource}"
      },
      "description": "Basic network info per interface in %",
      "fieldConfig": {
        "defaults": {
          "color": {
            "mode": "palette-classic"
          },
          "custom": {
            "axisBorderShow": false,
            "axisCenteredZero": false,
            "axisColorMode": "text",
            "axisGridShow": true,
            "axisLabel": "",
            "axisPlacement": "auto",
            "barAlignment": 0,
            "barWidthFactor": 0.6,
            "drawStyle": "line",
            "fillOpacity": 40,
            "gradientMode": "none",
            "hideFrom": {
              "legend": false,
              "tooltip": false,
              "viz": false
            },
            "insertNulls": false,
            "lineInterpolation": "linear",
            "lineWidth": 1,
            "pointSize": 5,
            "scaleDistribution": {
              "type": "linear"
            },
            "showPoints": "never",
            "spanNulls": false,
            "stacking": {
              "group": "A",
              "mode": "none"
            },
            "thresholdsStyle": {
              "mode": "off"
            }
          },
          "links": [],
          "mappings": [],
          "thresholds": {
            "mode": "absolute",
            "steps": [
              {
                "color": "green",
                "value": null
              }
            ]
          },
          "unit": "percent"
        },
        "overrides": [
          {
            "matcher": {
              "id": "byRegexp",
              "options": "/.*trans.*/"
            },
            "properties": [
              {
                "id": "custom.transform",
                "value": "negative-Y"
              }
            ]
          }
        ]
      },
      "gridPos": {
        "h": 10,
        "w": 24,
        "x": 0,
        "y": 59
      },
      "id": 54,
      "options": {
        "legend": {
          "calcs": [],
          "displayMode": "list",
          "placement": "right",
          "showLegend": true,
          "width": 500
        },
        "tooltip": {
          "mode": "multi",
          "sort": "none"
        }
      },
      "pluginVersion": "9.2.0",
      "targets": [
        {
          "datasource": {
            "type": "prometheus",
            "uid": "${datasource}"
          },
          "editorMode": "code",
          "expr": "irate(node_network_receive_bytes_total{instance=~\"$instance\", device=~\"$netinterfaces\"}[$__rate_interval]) \n/\nnode_network_speed_bytes{instance=~\"$instance\", device=~\"$netinterfaces\"} * 100",
          "format": "time_series",
          "intervalFactor": 1,
          "legendFormat": "{{instance}} {{device}} : recv ",
          "range": true,
          "refId": "A",
          "step": 240
        },
        {
          "datasource": {
            "type": "prometheus",
            "uid": "${datasource}"
          },
          "editorMode": "code",
          "expr": "irate(node_network_transmit_bytes_total{instance=~\"$instance\", device=~\"$netinterfaces\"}[$__rate_interval]) \n/\nnode_network_transmit_bytes_total{instance=~\"$instance\", device=~\"$netinterfaces\"}  * 100 ",
          "format": "time_series",
          "hide": false,
          "intervalFactor": 1,
          "legendFormat": "{{instance}} {{device}} : trans ",
          "range": true,
          "refId": "B",
          "step": 240
        }
      ],
      "title": "Network Traffic Percentage ",
      "type": "timeseries"
    }
  ],
  "refresh": "",
  "schemaVersion": 39,
  "tags": [],
  "templating": {
    "list": [
      {
        "current": {
          "selected": false,
          "text": "Prometheus",
          "value": "prometheus_uid"
        },
        "hide": 2,
        "includeAll": false,
        "label": "Datasource",
        "multi": false,
        "name": "datasource",
        "options": [],
        "query": "prometheus",
        "refresh": 1,
        "regex": "",
        "skipUrlSync": false,
        "type": "datasource"
      },
      {
        "current": {
          "selected": false,
          "text": "node-exporter",
          "value": "node-exporter"
        },
        "datasource": {
          "type": "prometheus",
          "uid": "${datasource}"
        },
        "definition": "label_values({job=\"node-exporter\"},job)",
        "hide": 2,
        "includeAll": false,
        "label": "Job",
        "multi": false,
        "name": "job",
        "options": [],
        "query": {
          "qryType": 1,
          "query": "label_values({job=\"node-exporter\"},job)",
          "refId": "PrometheusVariableQueryEditor-VariableQuery"
        },
        "refresh": 1,
        "regex": "",
        "skipUrlSync": false,
        "sort": 1,
        "type": "query"
      },
      {
        "current": {
          "selected": true,
          "text": "All",
          "value": "$__all"
        },
        "datasource": {
          "type": "prometheus",
          "uid": "${datasource}"
        },
        "definition": "label_values(node_uname_info{job=\"$job\"},instance)",
        "hide": 0,
        "includeAll": true,
        "label": "Instance",
        "multi": false,
        "name": "instance",
        "options": [],
        "query": {
          "qryType": 1,
          "query": "label_values(node_uname_info{job=\"$job\"},instance)",
          "refId": "PrometheusVariableQueryEditor-VariableQuery"
        },
        "refresh": 1,
        "regex": "",
        "skipUrlSync": false,
        "sort": 0,
        "type": "query"
      },
      {
        "current": {
          "selected": false,
          "text": "^(eth|en|ens|enp|wlan).*",
          "value": "^(eth|en|ens|enp|wlan).*"
        },
        "hide": 2,
        "includeAll": false,
        "label": "Netinterfaces",
        "multi": false,
        "name": "netinterfaces",
        "options": [
          {
            "selected": true,
            "text": "^(eth|en|ens|enp|wlan).*",
            "value": "^(eth|en|ens|enp|wlan).*"
          }
        ],
        "query": "^(eth|en|ens|enp|wlan).*\n",
        "queryValue": "",
        "skipUrlSync": false,
        "type": "custom"
      }
    ]
  },
  "time": {
    "from": "now-15m",
    "to": "now"
  },
  "timepicker": {},
  "timezone": "browser",
  "title": "System dashboard - Basic view",
  "uid": "ce6e2dd9ip91ce",
  "version": 47,
  "weekStart": ""
}